82872,Comet Hoodie,uploads/item.jpeg,102.51,1694,available
52738,Pearl Wrap Cover-Up,uploads/item.jpeg,120.79,2894,available
87540,Drift Joggers,uploads/item.jpeg,225.94,2994,available
72935,Aspen Beanie,uploads/item.jpeg,119.67,4271,available
93302,Driftwood Flannel,uploads/item.jpeg,159.45,5355,available
16882,Velvet Night Shirt,uploads/item.jpeg,136.88,5563,available
45850,Reef Swim Trunks,uploads/item.jpeg,43.51,7252,available
3703,Horizon Wrap Dress,uploads/item.jpeg,256.58,9042,available
63410,Whisper Briefs,uploads/item.jpeg,228.35,9748,available
80961,Blaze Moto Jacket,uploads/item.jpeg,33.06,9898,available
43730,Mirage One-Piece,uploads/item.jpeg,281.3,10239,available
28570,Sugarplum Robe,uploads/item.jpeg,227.27,10695,available
89871,Rose Gold Watch Strap,uploads/item.jpeg,126.26,10699,available
58250,Sunflare Monokini,uploads/item.jpeg,73.24,10899,available
93536,Inferno Leather Pants,uploads/item.jpeg,105.66,14260,available
10003,Aspen Beanie,uploads/item.jpeg,185.21,16008,available
65012,Jet Cap,uploads/item.jpeg,31.84,21635,available
7978,Sunflare Monokini,uploads/item.jpeg,98,17215,available
20047,Nova Bodycon,uploads/item.jpeg,34.73,21874,available
1869,Whisper Briefs,uploads/item.jpeg,1.19,22371,available
79901,Willow Duster,uploads/item.jpeg,292.32,22964,available
35235,Quartz Henley,uploads/item.jpeg,148.95,24354,available
63282,Sunflare Monokini,uploads/item.jpeg,266.98,24917,available
64884,Wren Hair Clip,uploads/item.jpeg,72.57,25028,available
40101,Willow Duster,uploads/item.jpeg,126.58,25097,available
64608,Midnight Puffer,uploads/item.jpeg,275.62,25610,available
30177,Ember Trench,uploads/item.jpeg,205,25850,available
46501,Eclipse Jeans,uploads/item.jpeg,132.56,26930,available
88692,Zen Lounge Pants,uploads/item.jpeg,152.41,27747,available
48844,Sienna Midi Dress,uploads/item.jpeg,165.91,28076,available
17986,Vibe High-Tops,uploads/item.jpeg,224.65,28465,available
44106,Galaxy Mesh Top,uploads/item.jpeg,142.28,29760,available
8585,Starlace Kimono,uploads/item.jpeg,157.67,30682,available
76396,Maple Mules,uploads/item.jpeg,247.32,31153,available
22815,Reef Swim Trunks,uploads/item.jpeg,111.46,31289,available
63364,Zen Lounge Pants,uploads/item.jpeg,288.48,34046,available
62552,Eclipse Jeans,uploads/item.jpeg,64.42,35996,available
6766,Wren Hair Clip,uploads/item.jpeg,200.4,36183,available
59784,Whisper Briefs,uploads/item.jpeg,167.88,36234,available
72424,Galaxy Mesh Top,uploads/item.jpeg,124.85,36506,available
38541,Luna Linen Shirt,uploads/item.jpeg,221.01,41607,available
96406,Mirage One-Piece,uploads/item.jpeg,49.58,43548,available
47551,Coral Reef Rashguard,uploads/item.jpeg,62.69,44740,available
89565,Vibe High-Tops,uploads/item.jpeg,284.2,46838,available
739,Coral Reef Rashguard,uploads/item.jpeg,148.49,46913,available
38620,Wren Hair Clip,uploads/item.jpeg,24.42,47950,available
97333,Drift Joggers,uploads/item.jpeg,27.96,48511,available
21678,Glacier Shell,uploads/item.jpeg,177.15,48739,available
6594,Blaze Moto Jacket,uploads/item.jpeg,12.41,49026,available
7036,Wren Hair Clip,uploads/item.jpeg,102.98,49060,available
81454,Zen Lounge Pants,uploads/item.jpeg,207.77,50004,available
25124,Luna Tote,uploads/item.jpeg,218.21,50477,available
16681,Luna Tote,uploads/item.jpeg,40.13,54815,available
82991,Siren Fringe Skirt,uploads/item.jpeg,277.25,55795,available
27,Rose Gold Watch Strap,uploads/item.jpeg,106.75,56478,available
9199,Zen Lounge Pants,uploads/item.jpeg,17,56854,available
28784,Harbor Gloves,uploads/item.jpeg,15.76,56925,available
77136,Siren Fringe Skirt,uploads/item.jpeg,100.66,57235,available
23411,Rose Rain Jacket,uploads/item.jpeg,250.04,58188,available
54419,Inferno Leather Pants,uploads/item.jpeg,125.04,58387,available
75420,Arctic Faux Fur Coat,uploads/item.jpeg,36.61,58965,available
2582,Vibe High-Tops,uploads/item.jpeg,11.51,59378,available
86394,Starlight Skirt,uploads/item.jpeg,145.49,59449,available
81540,Drift Joggers,uploads/item.jpeg,107.76,60261,available
92381,Velvet Cami,uploads/item.jpeg,19.79,60578,available
1061,Aspen Beanie,uploads/item.jpeg,175.29,62530,available
39717,Starlight Skirt,uploads/item.jpeg,111.46,63076,available
82992,Willow Duster,uploads/item.jpeg,44.88,64412,available
1370,Willow Slip Dress,uploads/item.jpeg,155.72,64496,available
91009,Coral Reef Rashguard,uploads/item.jpeg,297.42,64976,available
67930,Echo Bomber,uploads/item.jpeg,173.49,65320,available
15707,Moss Rain Boots,uploads/item.jpeg,219.74,66425,available
59654,Reef Swim Trunks,uploads/item.jpeg,57.5,67933,available
20917,Cascade Windbreaker,uploads/item.jpeg,188.62,68503,available
15264,Flex Racerback,uploads/item.jpeg,273.17,74999,available
26822,Eclipse Jeans,uploads/item.jpeg,274.48,75294,available
6058,Echo Bomber,uploads/item.jpeg,298.48,77510,available
84908,Sugarplum Robe,uploads/item.jpeg,158.52,78713,available
82965,Willow Slip Dress,uploads/item.jpeg,40.04,79895,available
42535,Wavebreak Swim Briefs,uploads/item.jpeg,296.57,80407,available
50923,Maple Mules,uploads/item.jpeg,197.4,81569,available
15379,Starlace Kimono,uploads/item.jpeg,289.98,85315,available
96599,Sandstone Lounge Set,uploads/item.jpeg,78.04,85602,available
34002,Vibe High-Tops,uploads/item.jpeg,144.83,85922,available
57437,Sugarplum Robe,uploads/item.jpeg,61.73,86281,available
24109,Quartz Loafers,uploads/item.jpeg,6.51,86949,available
19814,Nova Denim Jacket,uploads/item.jpeg,56.72,89789,available
28507,Moondust Bralette,uploads/item.jpeg,97.05,91889,available
46830,Capri Swim Set,uploads/item.jpeg,174.79,92141,available
81351,Quartz Loafers,uploads/item.jpeg,158.31,92581,available
10910,Bramble Button-Up,uploads/item.jpeg,196.94,93230,available
25070,Ocean Bloom Bikini,uploads/item.jpeg,185.54,94889,available
94523,Coral T-shirt Dress,uploads/item.jpeg,152.71,95214,available
81499,Prism Belt,uploads/item.jpeg,144.03,96187,available
86071,Tidepool Boardshorts,uploads/item.jpeg,58.84,98321,available
35389,Arctic Faux Fur Coat,uploads/item.jpeg,264.51,98354,available
75402,Dahlia Romper,uploads/item.jpeg,134.5,98593,available
51497,Cascade Windbreaker,uploads/item.jpeg,276.58,98916,available
39902,Starlight Skirt,uploads/item.jpeg,50.56,99879,available
30288,Dreamscape Pajamas,uploads/item.jpeg,135.56,99957,available