78713,Tybi,nN4\S)M8rAIE4J,tfereday2r@globo.com,551-370-9728,2001-09-22,2001-09-22 0:00:00,0,1694
58965,Madonna,uO1#AtM4|JFJ9,msearjeant2q@zimbio.com,874-729-0859,2033-06-24,2001-09-23 0:00:00,1,2894
21635,Mikey,"gA9.t)Y=~e+`'/|""",mfratson2p@twitter.com,541-934-2393,1975-12-25,2001-09-24 0:00:00,1,2994
94889,Sunshine,tK2/uG5#,sdesantis2o@nationalgeographic.com,269-349-4013,2042-04-09,2001-09-25 0:00:00,0,4271
59449,Goddard,gO4%BfC%Nt+o`O,gkent2n@paypal.com,414-945-2472,1982-10-03,2001-09-26 0:00:00,0,5355
16008,Querida,lQ8_kh'y.,qvandermark2m@multiply.com,920-696-1856,1995-12-17,2001-09-27 0:00:00,1,5563
77510,Lurlene,sN2#3d#M)%'*3,ldepka2l@ucoz.ru,687-250-7303,1926-05-10,2001-09-28 0:00:00,1,7252
10699,Melita,pV7~1c3*hyjaa4R,mcurtois2k@mozilla.org,748-570-8904,2043-01-07,2001-09-29 0:00:00,0,9042
9042,Nancee,xV7._XEyYR8,ngillions2j@sogou.com,841-947-7619,2045-12-17,2001-09-30 0:00:00,1,9748
67933,Bucky,oF7@yG4keU+,bscapelhorn2i@eventbrite.com,863-597-4029,2066-12-16,2001-10-01 0:00:00,1,9898
85922,Town,fA0+n\*Wbsv'w,tgarred2h@reuters.com,617-618-7540,2005-06-23,2001-10-02 0:00:00,1,10239
48511,Waite,"vT3~,#`w",wgrimshaw2g@usatoday.com,270-374-2609,2043-09-06,2001-10-03 0:00:00,0,10695
49026,Bride,fI8|A>gl,bbrychan2f@google.com,886-140-2025,1915-09-11,2001-10-04 0:00:00,0,10699
30682,Ilka,eE1'JvNt<Sf,ibyway2e@google.it,138-188-3688,2082-10-26,2001-10-05 0:00:00,1,10899
49060,Germaine,fP1.Q|6KRj'~hpK,glarrington2d@cbc.ca,530-886-9912,2089-10-26,2001-10-06 0:00:00,0,14260
14260,Golda,bK7>JK2lRFoKPn)A,gwhittock2c@ftc.gov,640-869-4872,1939-03-11,2001-10-07 0:00:00,0,16008
17215,Marion,aJ3\VSQS,mtetla2b@weebly.com,852-811-8059,2066-12-25,2001-10-08 0:00:00,0,21635
92581,Raddy,cZ7`Sms*x@Ur$&m,ratwel2a@cargocollective.com,199-413-1288,2029-11-07,2001-10-09 0:00:00,0,17215
68503,Adeline,aC7~?g}'_cQc,alisett29@clickbank.net,529-952-5597,1919-05-10,2001-10-10 0:00:00,1,21874
92141,Cleopatra,"aG3%""m&$kkGYF66s",callmond28@house.gov,197-801-0181,1918-02-02,2001-10-11 0:00:00,1,22371
56478,Elyssa,mB5>#|p(=n.m,edearnaley27@netscape.com,233-761-7747,2037-11-03,2001-10-12 0:00:00,0,22964
96187,Leanora,jQ0$gwJh%|a&XpI!,lknottley26@princeton.edu,423-252-8713,1989-11-10,2001-10-13 0:00:00,1,24354
65320,Lark,gT0.tow1Y@7,lblanking25@craigslist.org,754-812-0824,1966-11-30,2001-10-14 0:00:00,1,24917
41607,Noemi,nM9>5F@jCb,ncossey24@hp.com,495-257-2019,2041-05-21,2001-10-15 0:00:00,1,25028
28465,Harriett,lK4~lm+>Bal>vH,hfryers23@free.fr,448-378-7347,2030-09-02,2001-10-16 0:00:00,1,25097
10239,Dal,dN3~B1GDD*+',docurrane22@topsy.com,110-731-5017,2093-09-15,2001-10-17 0:00:00,0,25610
50004,Leola,vS1&*FpLC_ZlM,ltwell21@mapquest.com,432-309-8820,2003-11-04,2001-10-18 0:00:00,1,25850
64412,Lorene,"xN2""GWaft!",loconnolly20@biglobe.ne.jp,797-938-0097,2044-06-17,2001-10-19 0:00:00,1,26930
4271,Kristyn,qY4.deI7&z,klent1z@addthis.com,353-453-8479,2079-04-06,2001-10-20 0:00:00,1,27747
24917,Viviyan,"pF6""""O#+w|m",vrops1y@simplemachines.org,740-667-6839,1931-01-15,2001-10-21 0:00:00,1,28076
27747,Hank,"jR0<(|Wd""",hsenten1x@ftc.gov,465-970-5493,2070-01-02,2001-10-22 0:00:00,1,28465
5563,Carolyne,kM7?FdBAtU9,cbrooker1w@seesaa.net,432-730-6175,1951-06-30,2001-10-23 0:00:00,1,29760
93230,Sisile,"kC3>7ZxL""xx#WPoO",sskrine1v@senate.gov,847-876-2892,2064-07-01,2001-10-24 0:00:00,1,30682
98593,Tiffie,oP6(*e#u~94p{,tmcilwraith1u@accuweather.com,988-700-8090,1903-11-29,2001-10-25 0:00:00,1,31153
25097,Basilius,"fW5`+\o/m,Kqa",bleindecker1t@lulu.com,201-483-1190,2014-08-29,2001-10-26 0:00:00,1,31289
1694,Lorin,"sE8""TE_zN",lmcaree1s@sphinn.com,752-595-1345,2074-08-24,2001-10-27 0:00:00,0,34046
9898,Hodge,jA2!H$hhOJ2,hcharlesworth1r@google.ru,793-653-1971,1994-01-30,2001-10-28 0:00:00,1,35996
25028,Marys,fF5)Z.y'W,mtremelling1q@scribd.com,542-997-2239,1961-05-17,2001-10-29 0:00:00,0,36183
43548,Fairleigh,iC3>xIQum,fperkinson1p@technorati.com,989-108-6189,2049-04-29,2001-10-30 0:00:00,1,36234
60578,Eric,qI9*(y\MZ,eeastope1o@php.net,689-589-1496,2001-09-30,2001-10-31 0:00:00,0,36506
26930,Ebenezer,kV7.uyd5gw_|`+,evassano1n@twitter.com,236-685-5643,2065-11-03,2001-11-01 0:00:00,1,41607
47950,Taddeusz,mT5<5T?$T9d$%U,tcomelli1m@people.com.cn,826-856-6398,1983-07-18,2001-11-02 0:00:00,1,43548
48739,Vittorio,kG0?AmQJodPo,vsharply1l@un.org,732-124-8741,2041-01-23,2001-11-03 0:00:00,0,44740
98916,Walker,hS4!xg7Fp7m?bz+S,wcuppitt1k@example.com,510-291-0291,1992-07-30,2001-11-04 0:00:00,0,46838
80407,Anthony,gW6.am}9w,akirwin1j@liveinternet.ru,955-460-3715,2073-05-01,2001-11-05 0:00:00,1,46913
64496,Waylen,lP4')N90*DA,whurran1i@discuz.net,365-906-2607,2053-06-08,2001-11-06 0:00:00,1,47950
34046,Glendon,fW6&K7x8ihPnwN.V,gbassingden1h@scribd.com,583-651-9810,2001-08-03,2001-11-07 0:00:00,0,48511
60261,Lyle,hH4%7=OZ(T,lglancey1g@craigslist.org,487-275-4314,1938-09-14,2001-11-08 0:00:00,0,48739
59378,Shayla,"aP1,M~A%KV(7|8}R",smcturk1f@hhs.gov,407-953-0110,1924-05-16,2001-11-09 0:00:00,1,49026
91889,Mikael,"zF3#/df4q""LQG",meyres1e@vk.com,791-647-0548,1910-09-21,2001-11-10 0:00:00,0,49060
24354,Welby,eQ1{g(y$.,wfoord1d@canalblog.com,627-589-8972,2079-08-23,2001-11-11 0:00:00,0,50004
81569,Cassi,zX3$$3b1Ya$FnUK,caldren1c@4shared.com,767-762-0469,2088-03-12,2001-11-12 0:00:00,1,50477
28076,Sigismondo,mV2!pc.(vKA,sditchburn1b@foxnews.com,536-931-7946,1986-10-19,2001-11-13 0:00:00,1,54815
29760,Scottie,zZ4_yUCz,sanstee1a@studiopress.com,446-685-7599,1948-06-26,2001-11-14 0:00:00,0,55795
10695,Kally,"eX6|`XW2P,)q",klovell19@whitehouse.gov,877-377-9751,2004-12-27,2001-11-15 0:00:00,1,56478
86281,Milty,"wM1{a3S,FmPHW{7>",mtalmadge18@tmall.com,265-224-3751,1925-08-19,2001-11-16 0:00:00,0,56854
79895,Elke,nJ7.q>@3,egorhardt17@engadget.com,115-467-8464,2054-03-23,2001-11-17 0:00:00,0,56925
46838,Luigi,eI4!Oje.,lfuchs16@nydailynews.com,716-826-9839,1901-05-17,2001-11-18 0:00:00,1,57235
56925,Papagena,zP7~CEM(},pmarrable15@disqus.com,493-501-2046,1915-06-05,2001-11-19 0:00:00,0,58188
64976,Ulysses,"iW0""?1W""7Dea",urodell14@nba.com,831-229-7748,1971-02-18,2001-11-20 0:00:00,0,58387
31289,Demetris,xL6}#\?!k#,dharmson13@nifty.com,685-691-8139,2017-03-15,2001-11-21 0:00:00,1,58965
2994,Garold,cH3&jS0'Wg,gbeardmore12@ocn.ne.jp,202-297-5858,1949-06-08,2001-11-22 0:00:00,1,59378
31153,Panchito,cY8&b8Gdq!b,pgarton11@netscape.com,610-536-1486,1947-08-27,2001-11-23 0:00:00,1,59449
25610,Trista,nZ4>f~vC,tjeannaud10@4shared.com,587-104-5735,1952-02-13,2001-11-24 0:00:00,1,60261
10899,Karlyn,nL3<NYiC_egga/,kgaffonz@tuttocitta.it,757-301-1838,2044-05-28,2001-11-25 0:00:00,0,60578
75294,Chrysler,bJ1*9u<ATZ=U+2U,cbruniy@a8.net,855-438-2362,1960-06-17,2001-11-26 0:00:00,1,62530
50477,Elane,nN6>nRx=2\8s9,emacgiffinx@wisc.edu,632-265-6541,2035-09-16,2001-11-27 0:00:00,0,63076
5355,Noll,"hX9,@OkA'9hrN~",nroylancew@surveymonkey.com,886-787-1350,2081-06-26,2001-11-28 0:00:00,1,64412
56854,Killian,"pK9$Wh""g?9hMFS9",kkilmurryv@digg.com,428-247-5227,1963-09-16,2001-11-29 0:00:00,0,64496
9748,Livvie,mQ7*XAL2gA$hd,lspohrmannu@cdc.gov,104-597-2165,2010-06-02,2001-11-30 0:00:00,1,64976
58188,Dyane,vX2>NmWN`hG&R0/W,dgavrielit@globo.com,807-149-2723,2050-04-30,2001-12-01 0:00:00,1,65320
22964,Maurise,zK9=uj}xw,msamsins@linkedin.com,484-230-5669,2029-07-24,2001-12-02 0:00:00,0,66425
99957,Starla,sU8!!p9)_`S4,spendrighr@gizmodo.com,636-305-6997,1960-04-29,2001-12-03 0:00:00,1,67933
89789,Fianna,nI8>c7inu<1,fmarcoolynq@networkadvertising.org,431-310-0740,1985-05-01,2001-12-04 0:00:00,1,68503
86949,Jerry,"hH1)XGmFEd""F\o",jgumbyp@tuttocitta.it,108-284-3081,2052-08-24,2001-12-05 0:00:00,1,74999
99879,Lindie,"fQ2/E,+aYU%3",ldeluciao@microsoft.com,943-342-8987,2073-01-11,2001-12-06 0:00:00,0,75294
95214,Mitch,bP1`<uIcM9(lHMv2,mkernarn@usnews.com,134-733-2436,1901-05-15,2001-12-07 0:00:00,0,77510
98354,Chicky,bA1@Hz4H*#)cE,cmarranm@yandex.ru,332-192-1505,2095-01-12,2001-12-08 0:00:00,0,78713
36234,Ky,oZ9#nzu*,kfraanchyonokl@a8.net,848-948-4193,1939-03-27,2001-12-09 0:00:00,0,79895
21874,Teddie,"cJ2*XYV,W~RGHn",tlestork@photobucket.com,886-394-0800,1991-10-29,2001-12-10 0:00:00,1,80407
66425,Sigismund,"xW1*gk\zrH""vc",sbattabeej@constantcontact.com,212-534-3237,2007-07-01,2001-12-11 0:00:00,1,81569
22371,Franz,lW6\`m|$Rl>G@_,fhovei@github.com,723-592-2117,2099-03-08,2001-12-12 0:00:00,0,85315
36506,Malva,"dZ5#""*gt%?I2sXV\",mwillwoodh@cbsnews.com,668-960-2196,2066-07-11,2001-12-13 0:00:00,0,85602
63076,Parker,gJ5@XLW@F,pdalstong@prnewswire.com,768-872-5399,2070-07-25,2001-12-14 0:00:00,0,85922
44740,Haskell,oX8&aIe?t,hmeighf@vkontakte.ru,260-465-6280,1976-08-24,2001-12-15 0:00:00,0,86281
58387,Hilde,xQ1.jd6OBNhz,htrulocke@lycos.com,416-778-3926,1955-05-14,2001-12-16 0:00:00,0,86949
74999,Guillermo,zJ2`>uEqP)#GWpEl,gbalnaved@eepurl.com,431-774-7455,1927-07-23,2001-12-17 0:00:00,0,89789
57235,Zoe,kY9}LMfu,zresunc@imdb.com,432-852-5003,1947-02-20,2001-12-18 0:00:00,1,91889
46913,Darleen,eJ0@ZinL#O,djainb@about.com,248-234-9683,1937-03-01,2001-12-19 0:00:00,1,92141
35996,Christophe,oU0`S.pr,cfarlowa@newyorker.com,769-693-8352,2007-04-05,2001-12-20 0:00:00,1,92581
55795,Mackenzie,"iF7,F?.Vf$~",mvergo9@over-blog.com,702-974-1051,2039-10-01,2001-12-21 0:00:00,1,93230
2894,Jamal,lF1?>Mbq0{,jglozman8@cdc.gov,220-662-2282,1903-01-22,2001-12-22 0:00:00,1,94889
25850,Sander,lD1`7bey\mC&E,sbissatt7@cmu.edu,949-915-5404,1972-07-24,2001-12-23 0:00:00,0,95214
85315,Mamie,vL0+FSMXP+suo,mlapslie6@thetimes.co.uk,282-323-3455,1978-12-03,2001-12-24 0:00:00,0,96187
36183,Granville,bP5`qEj>*Ql_)>,gpassie5@dailymail.co.uk,562-479-9106,1963-12-17,2001-12-25 0:00:00,0,98321
62530,Jorge,xM6~ax6e,jwatsham4@va.gov,600-567-3502,2012-03-09,2001-12-26 0:00:00,1,98354
54815,Ruthie,dA3=Cq=pa5qAQ{,rivamy3@w3.org,187-429-2097,1915-05-22,2001-12-27 0:00:00,0,98593
7252,Cully,uA1>#mbKabum,cantunes2@baidu.com,627-460-1945,2049-02-17,2001-12-28 0:00:00,0,98916
85602,Fonsie,wU3\j}|`m@.,fpiggford1@nationalgeographic.com,238-892-2952,2078-10-26,2001-12-29 0:00:00,1,99879
98321,Aliza,eE2>)tw&q#~SQ*(,agarrod0@vinaora.com,934-668-5351,1948-09-02,2001-12-30 0:00:00,0,99957