id,name,image_url,price,user_id,status
82971923448,Ember Trench,http://mayoclinic.com/est.json?turpis=scelerisque&elementum=mauris&ligula=sit&vehicula=amet&consequat=eros&morbi=suspendisse&a=accumsan&ipsum=tortor&integer=quis&a=turpis&nibh=sed&in=ante&quis=vivamus&justo=tortor&maecenas=duis&rhoncus=mattis&aliquam=egestas&lacus=metus&morbi=aenean&quis=fermentum&tortor=donec&id=ut,9517.39,8916,available
82094872727,Quartz Loafers,http://yolasite.com/nulla/tellus/in/sagittis.aspx?pulvinar=eu&lobortis=orci&est=mauris&phasellus=lacinia&sit=sapien&amet=quis&erat=libero&nulla=nullam&tempus=sit&vivamus=amet&in=turpis&felis=elementum&eu=ligula&sapien=vehicula&cursus=consequat&vestibulum=morbi&proin=a&eu=ipsum&mi=integer&nulla=a&ac=nibh&enim=in&in=quis&tempor=justo&turpis=maecenas&nec=rhoncus&euismod=aliquam&scelerisque=lacus&quam=morbi&turpis=quis&adipiscing=tortor&lorem=id&vitae=nulla&mattis=ultrices&nibh=aliquet&ligula=maecenas,3039.99,90304,available
47765647204,Willow Slip Dress,https://patch.com/justo/etiam.xml?id=ultrices,6892.67,29788,available
62244298788,Sandstone Lounge Set,https://flavors.me/sem/mauris/laoreet/ut/rhoncus.js?auctor=cubilia&sed=curae&tristique=duis&in=faucibus&tempus=accumsan&sit=odio&amet=curabitur&sem=convallis&fusce=duis&consequat=consequat&nulla=dui&nisl=nec&nunc=nisi&nisl=volutpat&duis=eleifend,7002.71,84799,available
34225480394,Cozy Half-Zip,http://quantcast.com/lacinia/erat.json?eget=morbi&massa=vestibulum&tempor=velit&convallis=id&nulla=pretium&neque=iaculis&libero=diam&convallis=erat&eget=fermentum&eleifend=justo&luctus=nec&ultricies=condimentum&eu=neque&nibh=sapien&quisque=placerat&id=ante&justo=nulla&sit=justo&amet=aliquam&sapien=quis&dignissim=turpis&vestibulum=eget&vestibulum=elit&ante=sodales&ipsum=scelerisque&primis=mauris&in=sit&faucibus=amet&orci=eros&luctus=suspendisse&et=accumsan&ultrices=tortor&posuere=quis&cubilia=turpis&curae=sed&nulla=ante&dapibus=vivamus&dolor=tortor&vel=duis&est=mattis&donec=egestas&odio=metus&justo=aenean&sollicitudin=fermentum&ut=donec&suscipit=ut,6195.06,65549,available
61170019393,Vibe High-Tops,https://tiny.cc/augue/vestibulum/rutrum/rutrum/neque/aenean.aspx?id=quis&turpis=tortor&integer=id&aliquet=nulla&massa=ultrices&id=aliquet&lobortis=maecenas&convallis=leo&tortor=odio&risus=condimentum&dapibus=id&augue=luctus&vel=nec&accumsan=molestie&tellus=sed&nisi=justo&eu=pellentesque&orci=viverra&mauris=pede&lacinia=ac&sapien=diam&quis=cras&libero=pellentesque&nullam=volutpat&sit=dui&amet=maecenas&turpis=tristique&elementum=est&ligula=et&vehicula=tempus&consequat=semper&morbi=est&a=quam&ipsum=pharetra&integer=magna&a=ac&nibh=consequat&in=metus&quis=sapien&justo=ut&maecenas=nunc&rhoncus=vestibulum&aliquam=ante&lacus=ipsum&morbi=primis&quis=in&tortor=faucibus&id=orci&nulla=luctus&ultrices=et&aliquet=ultrices&maecenas=posuere&leo=cubilia&odio=curae&condimentum=mauris&id=viverra&luctus=diam&nec=vitae&molestie=quam&sed=suspendisse&justo=potenti&pellentesque=nullam&viverra=porttitor&pede=lacus&ac=at&diam=turpis&cras=donec&pellentesque=posuere&volutpat=metus&dui=vitae&maecenas=ipsum&tristique=aliquam&est=non&et=mauris&tempus=morbi&semper=non&est=lectus&quam=aliquam&pharetra=sit&magna=amet&ac=diam&consequat=in&metus=magna&sapien=bibendum&ut=imperdiet&nunc=nullam&vestibulum=orci&ante=pede&ipsum=venenatis&primis=non&in=sodales&faucibus=sed&orci=tincidunt,728.26,22466,available
37173839835,Glacier Shell,http://state.tx.us/et/ultrices/posuere/cubilia/curae.jpg?ut=felis&nunc=donec&vestibulum=semper&ante=sapien&ipsum=a&primis=libero&in=nam&faucibus=dui&orci=proin&luctus=leo&et=odio&ultrices=porttitor&posuere=id&cubilia=consequat&curae=in&mauris=consequat&viverra=ut&diam=nulla&vitae=sed&quam=accumsan&suspendisse=felis&potenti=ut&nullam=at&porttitor=dolor&lacus=quis&at=odio&turpis=consequat&donec=varius&posuere=integer&metus=ac&vitae=leo&ipsum=pellentesque&aliquam=ultrices&non=mattis&mauris=odio&morbi=donec&non=vitae&lectus=nisi&aliquam=nam&sit=ultrices&amet=libero&diam=non&in=mattis&magna=pulvinar&bibendum=nulla&imperdiet=pede&nullam=ullamcorper&orci=augue&pede=a&venenatis=suscipit&non=nulla&sodales=elit&sed=ac&tincidunt=nulla&eu=sed&felis=vel&fusce=enim&posuere=sit&felis=amet&sed=nunc&lacus=viverra&morbi=dapibus&sem=nulla&mauris=suscipit&laoreet=ligula&ut=in&rhoncus=lacus&aliquet=curabitur&pulvinar=at&sed=ipsum&nisl=ac&nunc=tellus&rhoncus=semper&dui=interdum&vel=mauris&sem=ullamcorper&sed=purus&sagittis=sit&nam=amet&congue=nulla&risus=quisque&semper=arcu&porta=libero&volutpat=rutrum&quam=ac&pede=lobortis&lobortis=vel&ligula=dapibus&sit=at&amet=diam&eleifend=nam&pede=tristique&libero=tortor,5174.5,80876,available
19867409788,Galaxy Mesh Top,http://harvard.edu/aliquam.js?magnis=molestie&dis=sed&parturient=justo&montes=pellentesque&nascetur=viverra&ridiculus=pede&mus=ac&etiam=diam&vel=cras&augue=pellentesque&vestibulum=volutpat&rutrum=dui&rutrum=maecenas&neque=tristique&aenean=est&auctor=et&gravida=tempus&sem=semper&praesent=est&id=quam&massa=pharetra&id=magna&nisl=ac&venenatis=consequat&lacinia=metus&aenean=sapien&sit=ut&amet=nunc&justo=vestibulum&morbi=ante&ut=ipsum&odio=primis&cras=in&mi=faucibus&pede=orci&malesuada=luctus&in=et&imperdiet=ultrices&et=posuere&commodo=cubilia&vulputate=curae&justo=mauris&in=viverra&blandit=diam&ultrices=vitae&enim=quam&lorem=suspendisse&ipsum=potenti&dolor=nullam&sit=porttitor&amet=lacus&consectetuer=at&adipiscing=turpis&elit=donec&proin=posuere&interdum=metus&mauris=vitae&non=ipsum&ligula=aliquam&pellentesque=non&ultrices=mauris&phasellus=morbi&id=non&sapien=lectus&in=aliquam&sapien=sit&iaculis=amet&congue=diam&vivamus=in&metus=magna&arcu=bibendum&adipiscing=imperdiet&molestie=nullam&hendrerit=orci&at=pede&vulputate=venenatis&vitae=non&nisl=sodales&aenean=sed&lectus=tincidunt&pellentesque=eu&eget=felis&nunc=fusce&donec=posuere,3358.22,3117,available
99954569164,Vibe High-Tops,http://mysql.com/libero/ut/massa/volutpat/convallis/morbi/odio.jpg?nisl=curabitur&nunc=in&nisl=libero,943.12,1116,available
28658641442,Nova Bodycon,https://lulu.com/elementum/ligula.xml?vulputate=justo&luctus=aliquam&cum=quis&sociis=turpis&natoque=eget&penatibus=elit&et=sodales&magnis=scelerisque&dis=mauris&parturient=sit&montes=amet&nascetur=eros&ridiculus=suspendisse&mus=accumsan&vivamus=tortor&vestibulum=quis&sagittis=turpis&sapien=sed&cum=ante&sociis=vivamus&natoque=tortor&penatibus=duis&et=mattis&magnis=egestas&dis=metus&parturient=aenean&montes=fermentum&nascetur=donec&ridiculus=ut&mus=mauris&etiam=eget&vel=massa&augue=tempor&vestibulum=convallis&rutrum=nulla&rutrum=neque&neque=libero&aenean=convallis&auctor=eget&gravida=eleifend&sem=luctus&praesent=ultricies&id=eu&massa=nibh&id=quisque&nisl=id&venenatis=justo&lacinia=sit&aenean=amet&sit=sapien&amet=dignissim&justo=vestibulum&morbi=vestibulum&ut=ante&odio=ipsum&cras=primis&mi=in&pede=faucibus&malesuada=orci&in=luctus&imperdiet=et&et=ultrices&commodo=posuere&vulputate=cubilia&justo=curae&in=nulla&blandit=dapibus&ultrices=dolor&enim=vel&lorem=est&ipsum=donec&dolor=odio&sit=justo&amet=sollicitudin&consectetuer=ut&adipiscing=suscipit&elit=a&proin=feugiat&interdum=et&mauris=eros&non=vestibulum&ligula=ac&pellentesque=est&ultrices=lacinia&phasellus=nisi&id=venenatis&sapien=tristique&in=fusce&sapien=congue&iaculis=diam&congue=id,4820.9,84393,available
94761968909,Alpine Hikers,https://parallels.com/elementum/eu.png?sed=gravida&tristique=sem&in=praesent&tempus=id&sit=massa&amet=id&sem=nisl&fusce=venenatis,317.98,50194,available
59582954676,Slate Trail Shoes,http://imageshack.us/enim/lorem/ipsum/dolor/sit/amet/consectetuer.html?est=tristique&quam=est&pharetra=et&magna=tempus&ac=semper&consequat=est&metus=quam&sapien=pharetra&ut=magna&nunc=ac&vestibulum=consequat&ante=metus&ipsum=sapien&primis=ut&in=nunc&faucibus=vestibulum&orci=ante&luctus=ipsum&et=primis&ultrices=in&posuere=faucibus&cubilia=orci&curae=luctus&mauris=et&viverra=ultrices&diam=posuere&vitae=cubilia&quam=curae&suspendisse=mauris&potenti=viverra&nullam=diam&porttitor=vitae&lacus=quam&at=suspendisse&turpis=potenti&donec=nullam&posuere=porttitor&metus=lacus&vitae=at&ipsum=turpis&aliquam=donec&non=posuere&mauris=metus&morbi=vitae&non=ipsum&lectus=aliquam&aliquam=non&sit=mauris&amet=morbi&diam=non&in=lectus&magna=aliquam&bibendum=sit&imperdiet=amet&nullam=diam&orci=in&pede=magna&venenatis=bibendum,3230.76,19220,available
88526644922,Luna Sleep Shorts,http://ibm.com/vel.xml?lorem=non&quisque=pretium&ut=quis&erat=lectus&curabitur=suspendisse&gravida=potenti&nisi=in&at=eleifend&nibh=quam,651.98,53409,available
29513674457,Ocean Bloom Bikini,http://toplist.cz/nulla/suspendisse.json?ante=erat&ipsum=fermentum&primis=justo&in=nec&faucibus=condimentum&orci=neque&luctus=sapien&et=placerat&ultrices=ante&posuere=nulla&cubilia=justo&curae=aliquam&duis=quis&faucibus=turpis&accumsan=eget&odio=elit&curabitur=sodales&convallis=scelerisque&duis=mauris&consequat=sit&dui=amet&nec=eros&nisi=suspendisse&volutpat=accumsan&eleifend=tortor&donec=quis&ut=turpis&dolor=sed&morbi=ante&vel=vivamus&lectus=tortor&in=duis&quam=mattis&fringilla=egestas&rhoncus=metus&mauris=aenean&enim=fermentum&leo=donec,7790.82,27851,available
5670543040,Quartz Henley,http://opera.com/ante/ipsum/primis.aspx?curae=in&nulla=faucibus&dapibus=orci&dolor=luctus&vel=et&est=ultrices&donec=posuere&odio=cubilia&justo=curae&sollicitudin=mauris&ut=viverra&suscipit=diam&a=vitae&feugiat=quam&et=suspendisse&eros=potenti&vestibulum=nullam&ac=porttitor&est=lacus&lacinia=at&nisi=turpis&venenatis=donec&tristique=posuere&fusce=metus&congue=vitae&diam=ipsum&id=aliquam&ornare=non&imperdiet=mauris&sapien=morbi&urna=non&pretium=lectus&nisl=aliquam&ut=sit&volutpat=amet&sapien=diam&arcu=in&sed=magna&augue=bibendum&aliquam=imperdiet&erat=nullam,228.99,284,available
33542128359,Vibe High-Tops,http://google.com.hk/vestibulum/ante/ipsum.xml?leo=nec&odio=sem&condimentum=duis&id=aliquam&luctus=convallis&nec=nunc&molestie=proin&sed=at&justo=turpis&pellentesque=a&viverra=pede&pede=posuere&ac=nonummy&diam=integer&cras=non&pellentesque=velit&volutpat=donec&dui=diam&maecenas=neque&tristique=vestibulum&est=eget&et=vulputate&tempus=ut&semper=ultrices&est=vel&quam=augue&pharetra=vestibulum,9274.17,41899,available
26354125270,Cloudsoft Bra,https://netlog.com/quam/suspendisse/potenti/nullam.jsp?leo=nisi&rhoncus=vulputate&sed=nonummy&vestibulum=maecenas&sit=tincidunt&amet=lacus&cursus=at&id=velit&turpis=vivamus&integer=vel&aliquet=nulla&massa=eget&id=eros&lobortis=elementum&convallis=pellentesque&tortor=quisque&risus=porta&dapibus=volutpat&augue=erat&vel=quisque&accumsan=erat&tellus=eros&nisi=viverra&eu=eget&orci=congue&mauris=eget&lacinia=semper&sapien=rutrum&quis=nulla&libero=nunc&nullam=purus&sit=phasellus&amet=in&turpis=felis&elementum=donec&ligula=semper&vehicula=sapien&consequat=a&morbi=libero&a=nam&ipsum=dui&integer=proin&a=leo&nibh=odio&in=porttitor&quis=id&justo=consequat&maecenas=in&rhoncus=consequat&aliquam=ut&lacus=nulla&morbi=sed&quis=accumsan&tortor=felis&id=ut&nulla=at&ultrices=dolor&aliquet=quis&maecenas=odio&leo=consequat&odio=varius&condimentum=integer&id=ac&luctus=leo&nec=pellentesque&molestie=ultrices&sed=mattis&justo=odio&pellentesque=donec&viverra=vitae&pede=nisi&ac=nam&diam=ultrices&cras=libero&pellentesque=non&volutpat=mattis&dui=pulvinar&maecenas=nulla&tristique=pede&est=ullamcorper&et=augue&tempus=a&semper=suscipit&est=nulla&quam=elit&pharetra=ac,5348.5,39635,available
91519745111,Ember Trench,http://bigcartel.com/magna/vestibulum/aliquet/ultrices/erat/tortor.html?integer=platea&aliquet=dictumst&massa=aliquam&id=augue&lobortis=quam&convallis=sollicitudin&tortor=vitae&risus=consectetuer,5523.15,59351,available
14692296261,Tidepool Boardshorts,http://huffingtonpost.com/pellentesque/ultrices/mattis/odio.png?ut=in&ultrices=eleifend&vel=quam&augue=a&vestibulum=odio&ante=in&ipsum=hac&primis=habitasse&in=platea&faucibus=dictumst&orci=maecenas&luctus=ut&et=massa&ultrices=quis&posuere=augue&cubilia=luctus&curae=tincidunt&donec=nulla&pharetra=mollis&magna=molestie&vestibulum=lorem&aliquet=quisque&ultrices=ut&erat=erat&tortor=curabitur&sollicitudin=gravida&mi=nisi&sit=at&amet=nibh&lobortis=in&sapien=hac,3887.02,69424,available
23692910471,Ember Trench,http://cargocollective.com/eget/congue/eget.js?metus=vestibulum&arcu=ante&adipiscing=ipsum&molestie=primis&hendrerit=in&at=faucibus&vulputate=orci&vitae=luctus&nisl=et&aenean=ultrices&lectus=posuere&pellentesque=cubilia&eget=curae&nunc=mauris&donec=viverra&quis=diam&orci=vitae&eget=quam&orci=suspendisse&vehicula=potenti&condimentum=nullam&curabitur=porttitor&in=lacus&libero=at&ut=turpis&massa=donec&volutpat=posuere&convallis=metus&morbi=vitae&odio=ipsum&odio=aliquam&elementum=non&eu=mauris&interdum=morbi&eu=non&tincidunt=lectus&in=aliquam&leo=sit&maecenas=amet&pulvinar=diam&lobortis=in&est=magna&phasellus=bibendum&sit=imperdiet&amet=nullam&erat=orci&nulla=pede&tempus=venenatis&vivamus=non&in=sodales&felis=sed&eu=tincidunt&sapien=eu&cursus=felis&vestibulum=fusce&proin=posuere&eu=felis&mi=sed&nulla=lacus&ac=morbi&enim=sem&in=mauris&tempor=laoreet&turpis=ut&nec=rhoncus&euismod=aliquet&scelerisque=pulvinar&quam=sed&turpis=nisl&adipiscing=nunc&lorem=rhoncus&vitae=dui&mattis=vel&nibh=sem&ligula=sed&nec=sagittis&sem=nam&duis=congue&aliquam=risus&convallis=semper&nunc=porta&proin=volutpat&at=quam&turpis=pede,1748.24,76179,available
38581388779,Terra V-Neck,https://cargocollective.com/leo/maecenas/pulvinar/lobortis.js?imperdiet=non&nullam=mi&orci=integer&pede=ac&venenatis=neque&non=duis&sodales=bibendum&sed=morbi&tincidunt=non&eu=quam&felis=nec&fusce=dui&posuere=luctus&felis=rutrum&sed=nulla&lacus=tellus&morbi=in&sem=sagittis&mauris=dui&laoreet=vel&ut=nisl&rhoncus=duis&aliquet=ac&pulvinar=nibh&sed=fusce&nisl=lacus&nunc=purus&rhoncus=aliquet&dui=at&vel=feugiat&sem=non&sed=pretium&sagittis=quis&nam=lectus&congue=suspendisse&risus=potenti&semper=in&porta=eleifend,8532.53,15602,available
5112503986,Ripple Crossbody,https://youtu.be/vitae/nisi/nam/ultrices/libero.jsp?eget=mattis&eleifend=odio&luctus=donec&ultricies=vitae&eu=nisi&nibh=nam&quisque=ultrices&id=libero&justo=non&sit=mattis&amet=pulvinar&sapien=nulla&dignissim=pede&vestibulum=ullamcorper&vestibulum=augue&ante=a&ipsum=suscipit&primis=nulla&in=elit&faucibus=ac&orci=nulla&luctus=sed&et=vel&ultrices=enim&posuere=sit&cubilia=amet&curae=nunc&nulla=viverra&dapibus=dapibus&dolor=nulla&vel=suscipit&est=ligula&donec=in&odio=lacus&justo=curabitur&sollicitudin=at&ut=ipsum&suscipit=ac&a=tellus&feugiat=semper&et=interdum&eros=mauris&vestibulum=ullamcorper&ac=purus&est=sit&lacinia=amet&nisi=nulla&venenatis=quisque&tristique=arcu&fusce=libero&congue=rutrum&diam=ac&id=lobortis,6958.91,44789,available
76003791138,Arctic Faux Fur Coat,https://whitehouse.gov/accumsan/odio/curabitur.aspx?sed=luctus&sagittis=ultricies&nam=eu&congue=nibh&risus=quisque&semper=id&porta=justo&volutpat=sit&quam=amet&pede=sapien&lobortis=dignissim&ligula=vestibulum&sit=vestibulum&amet=ante&eleifend=ipsum&pede=primis&libero=in&quis=faucibus&orci=orci&nullam=luctus&molestie=et&nibh=ultrices&in=posuere&lectus=cubilia&pellentesque=curae&at=nulla&nulla=dapibus&suspendisse=dolor&potenti=vel&cras=est&in=donec&purus=odio&eu=justo&magna=sollicitudin&vulputate=ut&luctus=suscipit&cum=a&sociis=feugiat&natoque=et&penatibus=eros&et=vestibulum&magnis=ac&dis=est&parturient=lacinia&montes=nisi&nascetur=venenatis&ridiculus=tristique&mus=fusce&vivamus=congue&vestibulum=diam&sagittis=id&sapien=ornare&cum=imperdiet&sociis=sapien&natoque=urna&penatibus=pretium&et=nisl&magnis=ut&dis=volutpat&parturient=sapien&montes=arcu&nascetur=sed&ridiculus=augue&mus=aliquam&etiam=erat&vel=volutpat&augue=in&vestibulum=congue,4154.08,1543,available
35200140263,Ember Sleep Romper,https://mozilla.org/aenean/sit/amet/justo/morbi.jsp?nunc=primis&nisl=in&duis=faucibus&bibendum=orci&felis=luctus&sed=et&interdum=ultrices&venenatis=posuere&turpis=cubilia&enim=curae&blandit=donec&mi=pharetra&in=magna&porttitor=vestibulum&pede=aliquet&justo=ultrices&eu=erat&massa=tortor&donec=sollicitudin&dapibus=mi&duis=sit&at=amet&velit=lobortis&eu=sapien&est=sapien&congue=non&elementum=mi&in=integer&hac=ac&habitasse=neque&platea=duis&dictumst=bibendum&morbi=morbi&vestibulum=non&velit=quam&id=nec&pretium=dui&iaculis=luctus&diam=rutrum&erat=nulla&fermentum=tellus&justo=in&nec=sagittis&condimentum=dui&neque=vel&sapien=nisl&placerat=duis&ante=ac&nulla=nibh&justo=fusce&aliquam=lacus&quis=purus&turpis=aliquet&eget=at&elit=feugiat&sodales=non&scelerisque=pretium&mauris=quis&sit=lectus&amet=suspendisse&eros=potenti&suspendisse=in&accumsan=eleifend&tortor=quam&quis=a&turpis=odio&sed=in&ante=hac&vivamus=habitasse&tortor=platea&duis=dictumst&mattis=maecenas&egestas=ut&metus=massa&aenean=quis&fermentum=augue&donec=luctus&ut=tincidunt&mauris=nulla&eget=mollis,5976.48,26474,available
58383414082,Blaze Moto Jacket,http://si.edu/justo/aliquam/quis/turpis/eget/elit/sodales.jsp?magna=leo&ac=pellentesque&consequat=ultrices&metus=mattis&sapien=odio&ut=donec&nunc=vitae&vestibulum=nisi&ante=nam&ipsum=ultrices&primis=libero&in=non&faucibus=mattis&orci=pulvinar&luctus=nulla&et=pede&ultrices=ullamcorper&posuere=augue&cubilia=a&curae=suscipit&mauris=nulla&viverra=elit&diam=ac&vitae=nulla&quam=sed&suspendisse=vel&potenti=enim&nullam=sit&porttitor=amet&lacus=nunc,9486.15,73656,available
24042750747,Reef Swim Trunks,https://ifeng.com/lacinia/aenean/sit.jsp?bibendum=pellentesque&imperdiet=eget&nullam=nunc&orci=donec&pede=quis&venenatis=orci&non=eget&sodales=orci&sed=vehicula&tincidunt=condimentum&eu=curabitur&felis=in&fusce=libero&posuere=ut&felis=massa&sed=volutpat&lacus=convallis&morbi=morbi&sem=odio&mauris=odio&laoreet=elementum&ut=eu&rhoncus=interdum&aliquet=eu&pulvinar=tincidunt&sed=in&nisl=leo&nunc=maecenas&rhoncus=pulvinar&dui=lobortis&vel=est&sem=phasellus&sed=sit&sagittis=amet&nam=erat&congue=nulla&risus=tempus&semper=vivamus&porta=in&volutpat=felis&quam=eu&pede=sapien&lobortis=cursus&ligula=vestibulum&sit=proin&amet=eu&eleifend=mi&pede=nulla&libero=ac&quis=enim&orci=in&nullam=tempor&molestie=turpis&nibh=nec&in=euismod&lectus=scelerisque&pellentesque=quam&at=turpis&nulla=adipiscing&suspendisse=lorem&potenti=vitae&cras=mattis&in=nibh&purus=ligula&eu=nec&magna=sem&vulputate=duis&luctus=aliquam&cum=convallis&sociis=nunc&natoque=proin&penatibus=at&et=turpis&magnis=a&dis=pede&parturient=posuere&montes=nonummy,1836.22,17357,available
3912277115,Aurora Shift,http://time.com/erat/quisque/erat/eros/viverra/eget.js?condimentum=condimentum&curabitur=neque&in=sapien&libero=placerat&ut=ante&massa=nulla&volutpat=justo&convallis=aliquam&morbi=quis&odio=turpis&odio=eget&elementum=elit&eu=sodales&interdum=scelerisque&eu=mauris&tincidunt=sit&in=amet&leo=eros&maecenas=suspendisse&pulvinar=accumsan&lobortis=tortor&est=quis&phasellus=turpis&sit=sed&amet=ante&erat=vivamus&nulla=tortor&tempus=duis&vivamus=mattis&in=egestas&felis=metus&eu=aenean&sapien=fermentum&cursus=donec&vestibulum=ut&proin=mauris&eu=eget&mi=massa&nulla=tempor&ac=convallis&enim=nulla&in=neque&tempor=libero&turpis=convallis&nec=eget&euismod=eleifend&scelerisque=luctus&quam=ultricies&turpis=eu&adipiscing=nibh&lorem=quisque&vitae=id&mattis=justo&nibh=sit&ligula=amet&nec=sapien&sem=dignissim&duis=vestibulum&aliquam=vestibulum&convallis=ante&nunc=ipsum&proin=primis&at=in&turpis=faucibus&a=orci&pede=luctus&posuere=et&nonummy=ultrices&integer=posuere&non=cubilia&velit=curae&donec=nulla&diam=dapibus&neque=dolor&vestibulum=vel&eget=est&vulputate=donec&ut=odio&ultrices=justo&vel=sollicitudin&augue=ut&vestibulum=suscipit&ante=a&ipsum=feugiat&primis=et&in=eros&faucibus=vestibulum&orci=ac&luctus=est,8764.57,996,available
92874529969,Coral T-shirt Dress,http://shareasale.com/pede/justo.xml?pede=tristique&malesuada=fusce&in=congue&imperdiet=diam&et=id&commodo=ornare&vulputate=imperdiet&justo=sapien&in=urna&blandit=pretium&ultrices=nisl&enim=ut&lorem=volutpat&ipsum=sapien&dolor=arcu&sit=sed&amet=augue&consectetuer=aliquam&adipiscing=erat&elit=volutpat&proin=in&interdum=congue&mauris=etiam&non=justo&ligula=etiam&pellentesque=pretium&ultrices=iaculis&phasellus=justo&id=in&sapien=hac&in=habitasse&sapien=platea&iaculis=dictumst&congue=etiam&vivamus=faucibus&metus=cursus&arcu=urna&adipiscing=ut&molestie=tellus&hendrerit=nulla&at=ut&vulputate=erat&vitae=id&nisl=mauris&aenean=vulputate&lectus=elementum&pellentesque=nullam&eget=varius&nunc=nulla&donec=facilisi&quis=cras&orci=non&eget=velit&orci=nec&vehicula=nisi&condimentum=vulputate&curabitur=nonummy&in=maecenas&libero=tincidunt&ut=lacus&massa=at&volutpat=velit&convallis=vivamus&morbi=vel&odio=nulla&odio=eget&elementum=eros,2776.85,28736,available
10013164400,Zen Lounge Pants,https://blogspot.com/porttitor/id/consequat/in/consequat/ut/nulla.png?tortor=lectus&id=vestibulum&nulla=quam&ultrices=sapien&aliquet=varius&maecenas=ut&leo=blandit&odio=non&condimentum=interdum&id=in&luctus=ante&nec=vestibulum&molestie=ante&sed=ipsum&justo=primis&pellentesque=in&viverra=faucibus&pede=orci&ac=luctus&diam=et&cras=ultrices&pellentesque=posuere&volutpat=cubilia&dui=curae&maecenas=duis&tristique=faucibus&est=accumsan&et=odio&tempus=curabitur&semper=convallis&est=duis&quam=consequat&pharetra=dui&magna=nec&ac=nisi&consequat=volutpat&metus=eleifend&sapien=donec&ut=ut&nunc=dolor&vestibulum=morbi,277.06,20001,available
67869987089,Quartz Loafers,http://dagondesign.com/justo/in/blandit/ultrices.xml?posuere=mauris&nonummy=lacinia&integer=sapien&non=quis&velit=libero&donec=nullam&diam=sit&neque=amet&vestibulum=turpis&eget=elementum&vulputate=ligula&ut=vehicula&ultrices=consequat&vel=morbi&augue=a&vestibulum=ipsum&ante=integer&ipsum=a&primis=nibh&in=in&faucibus=quis&orci=justo&luctus=maecenas&et=rhoncus&ultrices=aliquam&posuere=lacus&cubilia=morbi&curae=quis&donec=tortor&pharetra=id&magna=nulla&vestibulum=ultrices&aliquet=aliquet&ultrices=maecenas&erat=leo&tortor=odio&sollicitudin=condimentum&mi=id&sit=luctus&amet=nec&lobortis=molestie&sapien=sed&sapien=justo&non=pellentesque&mi=viverra&integer=pede&ac=ac&neque=diam&duis=cras&bibendum=pellentesque&morbi=volutpat&non=dui&quam=maecenas&nec=tristique&dui=est&luctus=et&rutrum=tempus&nulla=semper&tellus=est&in=quam&sagittis=pharetra&dui=magna&vel=ac&nisl=consequat&duis=metus&ac=sapien&nibh=ut&fusce=nunc&lacus=vestibulum&purus=ante&aliquet=ipsum&at=primis&feugiat=in&non=faucibus&pretium=orci&quis=luctus&lectus=et&suspendisse=ultrices&potenti=posuere&in=cubilia&eleifend=curae&quam=mauris&a=viverra&odio=diam&in=vitae&hac=quam&habitasse=suspendisse,923.94,29133,available
86437100358,Tidepool Boardshorts,https://ovh.net/consequat/ut/nulla/sed/accumsan.html?vulputate=odio,1041.19,79854,available
83339313260,Ivy Smock Dress,http://seattletimes.com/amet/nulla/quisque.aspx?nisl=diam&venenatis=in&lacinia=magna&aenean=bibendum&sit=imperdiet&amet=nullam&justo=orci&morbi=pede&ut=venenatis&odio=non&cras=sodales&mi=sed&pede=tincidunt&malesuada=eu&in=felis&imperdiet=fusce&et=posuere&commodo=felis&vulputate=sed&justo=lacus&in=morbi&blandit=sem&ultrices=mauris&enim=laoreet&lorem=ut&ipsum=rhoncus&dolor=aliquet&sit=pulvinar&amet=sed&consectetuer=nisl&adipiscing=nunc&elit=rhoncus&proin=dui&interdum=vel&mauris=sem&non=sed&ligula=sagittis&pellentesque=nam&ultrices=congue&phasellus=risus&id=semper&sapien=porta&in=volutpat&sapien=quam&iaculis=pede&congue=lobortis&vivamus=ligula&metus=sit&arcu=amet&adipiscing=eleifend&molestie=pede&hendrerit=libero&at=quis&vulputate=orci&vitae=nullam&nisl=molestie&aenean=nibh&lectus=in&pellentesque=lectus&eget=pellentesque&nunc=at&donec=nulla&quis=suspendisse&orci=potenti&eget=cras&orci=in&vehicula=purus&condimentum=eu&curabitur=magna&in=vulputate&libero=luctus&ut=cum&massa=sociis&volutpat=natoque&convallis=penatibus,8146.67,42975,available
61759602230,Static Sweatshirt,http://opensource.org/sollicitudin/mi/sit/amet/lobortis/sapien.aspx?accumsan=rhoncus&tortor=dui&quis=vel&turpis=sem&sed=sed&ante=sagittis&vivamus=nam&tortor=congue&duis=risus&mattis=semper&egestas=porta&metus=volutpat&aenean=quam&fermentum=pede&donec=lobortis&ut=ligula&mauris=sit&eget=amet&massa=eleifend&tempor=pede&convallis=libero&nulla=quis&neque=orci&libero=nullam&convallis=molestie&eget=nibh&eleifend=in&luctus=lectus&ultricies=pellentesque&eu=at&nibh=nulla&quisque=suspendisse&id=potenti&justo=cras&sit=in&amet=purus&sapien=eu&dignissim=magna&vestibulum=vulputate&vestibulum=luctus&ante=cum&ipsum=sociis&primis=natoque&in=penatibus&faucibus=et&orci=magnis&luctus=dis&et=parturient&ultrices=montes&posuere=nascetur&cubilia=ridiculus&curae=mus&nulla=vivamus&dapibus=vestibulum&dolor=sagittis&vel=sapien,5948.39,87000,available
76338260034,Galaxy Mesh Top,http://biglobe.ne.jp/at/turpis.aspx?sapien=proin&sapien=leo,2025.3,42413,available
17650143048,Satin Camisole,https://cdbaby.com/donec/ut/mauris/eget/massa/tempor.jpg?id=mauris&pretium=sit&iaculis=amet&diam=eros&erat=suspendisse&fermentum=accumsan&justo=tortor,5201.31,4509,available
71168820682,Mirage One-Piece,http://livejournal.com/vestibulum/sed/magna/at/nunc/commodo.jpg?sodales=luctus&scelerisque=rutrum&mauris=nulla&sit=tellus&amet=in&eros=sagittis&suspendisse=dui&accumsan=vel&tortor=nisl&quis=duis&turpis=ac&sed=nibh&ante=fusce&vivamus=lacus&tortor=purus&duis=aliquet&mattis=at&egestas=feugiat&metus=non&aenean=pretium&fermentum=quis&donec=lectus&ut=suspendisse&mauris=potenti&eget=in&massa=eleifend&tempor=quam&convallis=a&nulla=odio&neque=in&libero=hac&convallis=habitasse&eget=platea&eleifend=dictumst&luctus=maecenas&ultricies=ut&eu=massa&nibh=quis&quisque=augue&id=luctus&justo=tincidunt&sit=nulla&amet=mollis&sapien=molestie,9863.19,35318,available
39884882435,Starlight Skirt,https://vimeo.com/at/lorem/integer/tincidunt.js?in=nunc&libero=commodo&ut=placerat&massa=praesent&volutpat=blandit&convallis=nam&morbi=nulla&odio=integer&odio=pede&elementum=justo&eu=lacinia&interdum=eget&eu=tincidunt&tincidunt=eget&in=tempus&leo=vel&maecenas=pede&pulvinar=morbi&lobortis=porttitor&est=lorem&phasellus=id&sit=ligula&amet=suspendisse&erat=ornare&nulla=consequat&tempus=lectus&vivamus=in&in=est&felis=risus&eu=auctor&sapien=sed&cursus=tristique&vestibulum=in&proin=tempus&eu=sit&mi=amet&nulla=sem&ac=fusce&enim=consequat&in=nulla&tempor=nisl&turpis=nunc&nec=nisl&euismod=duis&scelerisque=bibendum&quam=felis&turpis=sed&adipiscing=interdum&lorem=venenatis&vitae=turpis&mattis=enim&nibh=blandit&ligula=mi&nec=in&sem=porttitor&duis=pede&aliquam=justo&convallis=eu&nunc=massa&proin=donec&at=dapibus&turpis=duis&a=at&pede=velit,9021.58,86575,available
43675017668,Mirage Tank,https://google.nl/vel.xml?habitasse=sollicitudin&platea=mi&dictumst=sit&etiam=amet&faucibus=lobortis&cursus=sapien&urna=sapien&ut=non&tellus=mi&nulla=integer&ut=ac&erat=neque&id=duis&mauris=bibendum&vulputate=morbi&elementum=non&nullam=quam&varius=nec&nulla=dui&facilisi=luctus&cras=rutrum&non=nulla&velit=tellus&nec=in&nisi=sagittis&vulputate=dui&nonummy=vel&maecenas=nisl&tincidunt=duis&lacus=ac&at=nibh&velit=fusce&vivamus=lacus&vel=purus&nulla=aliquet&eget=at&eros=feugiat&elementum=non&pellentesque=pretium&quisque=quis&porta=lectus&volutpat=suspendisse&erat=potenti&quisque=in&erat=eleifend&eros=quam&viverra=a&eget=odio&congue=in&eget=hac&semper=habitasse&rutrum=platea&nulla=dictumst&nunc=maecenas&purus=ut&phasellus=massa&in=quis&felis=augue&donec=luctus&semper=tincidunt&sapien=nulla&a=mollis&libero=molestie&nam=lorem&dui=quisque&proin=ut&leo=erat&odio=curabitur&porttitor=gravida&id=nisi&consequat=at&in=nibh&consequat=in&ut=hac&nulla=habitasse&sed=platea&accumsan=dictumst&felis=aliquam&ut=augue&at=quam&dolor=sollicitudin&quis=vitae&odio=consectetuer&consequat=eget&varius=rutrum&integer=at&ac=lorem&leo=integer&pellentesque=tincidunt&ultrices=ante&mattis=vel&odio=ipsum&donec=praesent,3043.8,48376,available
97560407804,Sunflare Monokini,http://i2i.jp/consequat/varius/integer/ac.jpg?pellentesque=ac&volutpat=diam&dui=cras&maecenas=pellentesque&tristique=volutpat&est=dui&et=maecenas&tempus=tristique&semper=est&est=et&quam=tempus&pharetra=semper&magna=est&ac=quam&consequat=pharetra&metus=magna,4513.35,6596,available
50184059840,Nimbus Tank,https://chron.com/sit/amet.html?nulla=vivamus&ac=vel&enim=nulla&in=eget&tempor=eros&turpis=elementum&nec=pellentesque&euismod=quisque&scelerisque=porta&quam=volutpat&turpis=erat&adipiscing=quisque&lorem=erat&vitae=eros&mattis=viverra&nibh=eget&ligula=congue&nec=eget&sem=semper&duis=rutrum&aliquam=nulla&convallis=nunc&nunc=purus&proin=phasellus&at=in&turpis=felis&a=donec&pede=semper&posuere=sapien&nonummy=a&integer=libero&non=nam&velit=dui&donec=proin&diam=leo&neque=odio&vestibulum=porttitor&eget=id&vulputate=consequat&ut=in&ultrices=consequat&vel=ut&augue=nulla&vestibulum=sed&ante=accumsan&ipsum=felis&primis=ut&in=at&faucibus=dolor&orci=quis&luctus=odio&et=consequat&ultrices=varius&posuere=integer&cubilia=ac&curae=leo&donec=pellentesque&pharetra=ultrices&magna=mattis&vestibulum=odio&aliquet=donec,768.41,17455,available
31765414122,Willow Slip Dress,http://google.de/proin/eu/mi.aspx?eu=sed&magna=justo&vulputate=pellentesque&luctus=viverra&cum=pede&sociis=ac&natoque=diam&penatibus=cras&et=pellentesque&magnis=volutpat&dis=dui&parturient=maecenas&montes=tristique&nascetur=est&ridiculus=et&mus=tempus&vivamus=semper&vestibulum=est&sagittis=quam&sapien=pharetra&cum=magna&sociis=ac&natoque=consequat&penatibus=metus&et=sapien&magnis=ut&dis=nunc&parturient=vestibulum&montes=ante&nascetur=ipsum&ridiculus=primis&mus=in&etiam=faucibus&vel=orci&augue=luctus&vestibulum=et&rutrum=ultrices&rutrum=posuere&neque=cubilia&aenean=curae&auctor=mauris&gravida=viverra&sem=diam&praesent=vitae&id=quam&massa=suspendisse&id=potenti&nisl=nullam&venenatis=porttitor&lacinia=lacus&aenean=at&sit=turpis&amet=donec&justo=posuere&morbi=metus&ut=vitae&odio=ipsum&cras=aliquam&mi=non&pede=mauris&malesuada=morbi&in=non&imperdiet=lectus&et=aliquam&commodo=sit&vulputate=amet&justo=diam&in=in&blandit=magna&ultrices=bibendum&enim=imperdiet&lorem=nullam&ipsum=orci&dolor=pede&sit=venenatis&amet=non&consectetuer=sodales&adipiscing=sed&elit=tincidunt&proin=eu&interdum=felis&mauris=fusce&non=posuere&ligula=felis&pellentesque=sed&ultrices=lacus&phasellus=morbi&id=sem&sapien=mauris&in=laoreet&sapien=ut&iaculis=rhoncus&congue=aliquet&vivamus=pulvinar&metus=sed&arcu=nisl&adipiscing=nunc&molestie=rhoncus,5501.3,15917,available
58048146694,Storm Utility Vest,https://free.fr/sed/magna/at.aspx?a=erat&odio=tortor&in=sollicitudin&hac=mi&habitasse=sit&platea=amet&dictumst=lobortis&maecenas=sapien&ut=sapien&massa=non&quis=mi&augue=integer&luctus=ac&tincidunt=neque&nulla=duis&mollis=bibendum&molestie=morbi&lorem=non&quisque=quam&ut=nec&erat=dui&curabitur=luctus&gravida=rutrum&nisi=nulla&at=tellus&nibh=in&in=sagittis&hac=dui&habitasse=vel&platea=nisl&dictumst=duis&aliquam=ac&augue=nibh&quam=fusce&sollicitudin=lacus&vitae=purus&consectetuer=aliquet&eget=at&rutrum=feugiat&at=non&lorem=pretium&integer=quis,5837.77,78536,available
11273484534,Ivy Smock Dress,https://posterous.com/odio/cras/mi.aspx?id=est&consequat=et&in=tempus&consequat=semper&ut=est&nulla=quam&sed=pharetra&accumsan=magna&felis=ac&ut=consequat&at=metus&dolor=sapien&quis=ut&odio=nunc&consequat=vestibulum&varius=ante&integer=ipsum&ac=primis&leo=in&pellentesque=faucibus&ultrices=orci&mattis=luctus&odio=et&donec=ultrices&vitae=posuere&nisi=cubilia&nam=curae&ultrices=mauris&libero=viverra&non=diam&mattis=vitae&pulvinar=quam&nulla=suspendisse&pede=potenti&ullamcorper=nullam&augue=porttitor&a=lacus&suscipit=at&nulla=turpis&elit=donec&ac=posuere&nulla=metus&sed=vitae&vel=ipsum&enim=aliquam&sit=non&amet=mauris&nunc=morbi&viverra=non&dapibus=lectus&nulla=aliquam&suscipit=sit&ligula=amet&in=diam&lacus=in&curabitur=magna&at=bibendum&ipsum=imperdiet&ac=nullam&tellus=orci&semper=pede&interdum=venenatis&mauris=non&ullamcorper=sodales&purus=sed&sit=tincidunt&amet=eu&nulla=felis&quisque=fusce&arcu=posuere,775.46,68626,available
87104717644,Foggy Scarf,http://oracle.com/amet.js?commodo=massa&vulputate=id&justo=nisl&in=venenatis&blandit=lacinia&ultrices=aenean&enim=sit&lorem=amet&ipsum=justo&dolor=morbi&sit=ut&amet=odio&consectetuer=cras&adipiscing=mi&elit=pede&proin=malesuada&interdum=in&mauris=imperdiet&non=et&ligula=commodo&pellentesque=vulputate&ultrices=justo&phasellus=in&id=blandit&sapien=ultrices&in=enim&sapien=lorem&iaculis=ipsum&congue=dolor&vivamus=sit&metus=amet&arcu=consectetuer&adipiscing=adipiscing&molestie=elit&hendrerit=proin&at=interdum&vulputate=mauris&vitae=non&nisl=ligula&aenean=pellentesque&lectus=ultrices&pellentesque=phasellus&eget=id&nunc=sapien&donec=in&quis=sapien&orci=iaculis&eget=congue&orci=vivamus&vehicula=metus&condimentum=arcu&curabitur=adipiscing&in=molestie&libero=hendrerit&ut=at&massa=vulputate&volutpat=vitae&convallis=nisl&morbi=aenean&odio=lectus&odio=pellentesque&elementum=eget&eu=nunc&interdum=donec&eu=quis&tincidunt=orci&in=eget,9000.25,84558,available
29078456066,Pulse Sports Bra,https://chicagotribune.com/in/blandit/ultrices/enim/lorem.js?in=vestibulum&faucibus=ante&orci=ipsum&luctus=primis&et=in&ultrices=faucibus&posuere=orci&cubilia=luctus&curae=et&nulla=ultrices&dapibus=posuere&dolor=cubilia&vel=curae&est=donec&donec=pharetra&odio=magna&justo=vestibulum&sollicitudin=aliquet&ut=ultrices&suscipit=erat&a=tortor&feugiat=sollicitudin&et=mi,9920.79,97832,available
37156933017,Harbor Gloves,http://flavors.me/platea.jpg?ipsum=sem&primis=duis&in=aliquam&faucibus=convallis&orci=nunc&luctus=proin&et=at&ultrices=turpis&posuere=a&cubilia=pede&curae=posuere&mauris=nonummy&viverra=integer&diam=non&vitae=velit&quam=donec&suspendisse=diam&potenti=neque&nullam=vestibulum&porttitor=eget&lacus=vulputate&at=ut&turpis=ultrices&donec=vel&posuere=augue&metus=vestibulum&vitae=ante&ipsum=ipsum&aliquam=primis&non=in&mauris=faucibus&morbi=orci&non=luctus&lectus=et&aliquam=ultrices&sit=posuere&amet=cubilia&diam=curae&in=donec&magna=pharetra&bibendum=magna,5136.53,88590,available
26260361753,Starlace Kimono,https://digg.com/pede/justo/lacinia/eget/tincidunt/eget.jsp?duis=nec&aliquam=condimentum,3339.9,65667,available
35769478051,Starlace Kimono,http://kickstarter.com/lorem/id/ligula/suspendisse/ornare/consequat.xml?ante=viverra&vestibulum=eget&ante=congue&ipsum=eget&primis=semper&in=rutrum&faucibus=nulla&orci=nunc&luctus=purus&et=phasellus&ultrices=in&posuere=felis&cubilia=donec&curae=semper&duis=sapien&faucibus=a&accumsan=libero&odio=nam&curabitur=dui&convallis=proin&duis=leo&consequat=odio&dui=porttitor&nec=id&nisi=consequat&volutpat=in&eleifend=consequat&donec=ut&ut=nulla&dolor=sed&morbi=accumsan&vel=felis&lectus=ut&in=at&quam=dolor&fringilla=quis&rhoncus=odio&mauris=consequat&enim=varius&leo=integer&rhoncus=ac&sed=leo&vestibulum=pellentesque&sit=ultrices&amet=mattis&cursus=odio&id=donec&turpis=vitae&integer=nisi&aliquet=nam&massa=ultrices&id=libero&lobortis=non&convallis=mattis&tortor=pulvinar&risus=nulla&dapibus=pede&augue=ullamcorper&vel=augue&accumsan=a&tellus=suscipit,376.95,30473,available
92938339385,Luna Tote,http://tinyurl.com/vel/nulla/eget/eros/elementum/pellentesque/quisque.jpg?in=amet&eleifend=nunc&quam=viverra&a=dapibus&odio=nulla&in=suscipit&hac=ligula&habitasse=in&platea=lacus&dictumst=curabitur&maecenas=at&ut=ipsum&massa=ac&quis=tellus,835.45,25366,available
42087384805,Storm Utility Vest,https://umn.edu/erat/curabitur.png?sapien=ligula&dignissim=sit&vestibulum=amet&vestibulum=eleifend&ante=pede&ipsum=libero&primis=quis&in=orci&faucibus=nullam&orci=molestie&luctus=nibh&et=in&ultrices=lectus&posuere=pellentesque&cubilia=at&curae=nulla&nulla=suspendisse&dapibus=potenti&dolor=cras&vel=in&est=purus&donec=eu&odio=magna&justo=vulputate&sollicitudin=luctus&ut=cum&suscipit=sociis&a=natoque&feugiat=penatibus&et=et&eros=magnis&vestibulum=dis&ac=parturient&est=montes&lacinia=nascetur&nisi=ridiculus&venenatis=mus&tristique=vivamus&fusce=vestibulum&congue=sagittis&diam=sapien&id=cum&ornare=sociis&imperdiet=natoque&sapien=penatibus&urna=et&pretium=magnis&nisl=dis&ut=parturient&volutpat=montes&sapien=nascetur&arcu=ridiculus&sed=mus&augue=etiam&aliquam=vel&erat=augue&volutpat=vestibulum&in=rutrum&congue=rutrum&etiam=neque&justo=aenean&etiam=auctor&pretium=gravida&iaculis=sem&justo=praesent&in=id&hac=massa&habitasse=id,4782.87,62953,available
4756528486,Nimbus Tank,https://dot.gov/nisi/venenatis.js?ut=mus&blandit=etiam&non=vel&interdum=augue&in=vestibulum&ante=rutrum&vestibulum=rutrum&ante=neque&ipsum=aenean&primis=auctor&in=gravida&faucibus=sem&orci=praesent&luctus=id&et=massa&ultrices=id&posuere=nisl&cubilia=venenatis&curae=lacinia&duis=aenean&faucibus=sit&accumsan=amet&odio=justo&curabitur=morbi&convallis=ut&duis=odio&consequat=cras&dui=mi&nec=pede&nisi=malesuada&volutpat=in&eleifend=imperdiet&donec=et&ut=commodo&dolor=vulputate&morbi=justo&vel=in&lectus=blandit&in=ultrices&quam=enim&fringilla=lorem&rhoncus=ipsum&mauris=dolor&enim=sit&leo=amet&rhoncus=consectetuer&sed=adipiscing&vestibulum=elit&sit=proin&amet=interdum&cursus=mauris&id=non&turpis=ligula&integer=pellentesque&aliquet=ultrices&massa=phasellus&id=id&lobortis=sapien&convallis=in&tortor=sapien&risus=iaculis,14.67,74744,available
54451256090,Velvet Cami,http://examiner.com/luctus/tincidunt.xml?pharetra=ultrices&magna=posuere&vestibulum=cubilia&aliquet=curae&ultrices=nulla&erat=dapibus&tortor=dolor&sollicitudin=vel&mi=est&sit=donec&amet=odio&lobortis=justo&sapien=sollicitudin&sapien=ut&non=suscipit&mi=a&integer=feugiat&ac=et&neque=eros&duis=vestibulum&bibendum=ac&morbi=est&non=lacinia&quam=nisi&nec=venenatis&dui=tristique&luctus=fusce&rutrum=congue&nulla=diam&tellus=id&in=ornare&sagittis=imperdiet&dui=sapien&vel=urna&nisl=pretium&duis=nisl&ac=ut&nibh=volutpat&fusce=sapien&lacus=arcu&purus=sed&aliquet=augue&at=aliquam&feugiat=erat&non=volutpat&pretium=in&quis=congue&lectus=etiam&suspendisse=justo&potenti=etiam,3496.06,78543,available
94281031390,Cozy Half-Zip,http://mlb.com/id.jpg?id=eu&turpis=magna&integer=vulputate&aliquet=luctus&massa=cum&id=sociis&lobortis=natoque&convallis=penatibus&tortor=et&risus=magnis&dapibus=dis&augue=parturient&vel=montes&accumsan=nascetur&tellus=ridiculus&nisi=mus&eu=vivamus&orci=vestibulum&mauris=sagittis&lacinia=sapien&sapien=cum&quis=sociis&libero=natoque&nullam=penatibus&sit=et&amet=magnis&turpis=dis&elementum=parturient&ligula=montes&vehicula=nascetur&consequat=ridiculus&morbi=mus&a=etiam&ipsum=vel&integer=augue&a=vestibulum&nibh=rutrum&in=rutrum&quis=neque&justo=aenean&maecenas=auctor&rhoncus=gravida&aliquam=sem&lacus=praesent&morbi=id&quis=massa&tortor=id&id=nisl&nulla=venenatis&ultrices=lacinia&aliquet=aenean&maecenas=sit&leo=amet&odio=justo&condimentum=morbi&id=ut&luctus=odio&nec=cras&molestie=mi&sed=pede&justo=malesuada&pellentesque=in&viverra=imperdiet&pede=et&ac=commodo&diam=vulputate&cras=justo&pellentesque=in&volutpat=blandit&dui=ultrices&maecenas=enim&tristique=lorem&est=ipsum&et=dolor&tempus=sit&semper=amet&est=consectetuer&quam=adipiscing&pharetra=elit&magna=proin&ac=interdum&consequat=mauris&metus=non&sapien=ligula,2598.27,30241,available
1811548454,Pulse Sports Bra,https://cbslocal.com/fusce/congue/diam/id/ornare.json?cubilia=bibendum&curae=felis&mauris=sed&viverra=interdum&diam=venenatis&vitae=turpis&quam=enim&suspendisse=blandit&potenti=mi&nullam=in&porttitor=porttitor&lacus=pede&at=justo&turpis=eu&donec=massa&posuere=donec&metus=dapibus&vitae=duis&ipsum=at&aliquam=velit&non=eu&mauris=est&morbi=congue&non=elementum&lectus=in&aliquam=hac&sit=habitasse&amet=platea&diam=dictumst&in=morbi&magna=vestibulum&bibendum=velit&imperdiet=id&nullam=pretium&orci=iaculis&pede=diam&venenatis=erat&non=fermentum&sodales=justo&sed=nec&tincidunt=condimentum,6241.75,99912,available
44255477174,Cozy Half-Zip,http://homestead.com/velit/eu/est/congue/elementum.jsp?nunc=magna&nisl=at&duis=nunc&bibendum=commodo&felis=placerat&sed=praesent&interdum=blandit&venenatis=nam&turpis=nulla&enim=integer&blandit=pede&mi=justo&in=lacinia&porttitor=eget&pede=tincidunt,3632.21,74291,available
43887085303,Luna Linen Shirt,https://umich.edu/integer/a/nibh/in/quis/justo.png?lacinia=a&eget=pede&tincidunt=posuere&eget=nonummy&tempus=integer&vel=non&pede=velit&morbi=donec&porttitor=diam&lorem=neque&id=vestibulum&ligula=eget&suspendisse=vulputate&ornare=ut&consequat=ultrices&lectus=vel&in=augue&est=vestibulum&risus=ante&auctor=ipsum&sed=primis&tristique=in&in=faucibus&tempus=orci&sit=luctus&amet=et&sem=ultrices&fusce=posuere&consequat=cubilia&nulla=curae&nisl=donec&nunc=pharetra&nisl=magna&duis=vestibulum&bibendum=aliquet&felis=ultrices&sed=erat&interdum=tortor&venenatis=sollicitudin&turpis=mi&enim=sit&blandit=amet&mi=lobortis&in=sapien&porttitor=sapien&pede=non&justo=mi&eu=integer&massa=ac&donec=neque&dapibus=duis&duis=bibendum&at=morbi&velit=non&eu=quam&est=nec&congue=dui&elementum=luctus&in=rutrum&hac=nulla&habitasse=tellus&platea=in&dictumst=sagittis&morbi=dui&vestibulum=vel&velit=nisl&id=duis&pretium=ac&iaculis=nibh&diam=fusce&erat=lacus&fermentum=purus&justo=aliquet&nec=at&condimentum=feugiat&neque=non&sapien=pretium&placerat=quis&ante=lectus&nulla=suspendisse&justo=potenti&aliquam=in&quis=eleifend&turpis=quam&eget=a,9559.08,353,available
73903309054,Echo Bomber,https://latimes.com/magna/vulputate/luctus.xml?mauris=nisl&sit=duis&amet=bibendum&eros=felis&suspendisse=sed&accumsan=interdum&tortor=venenatis&quis=turpis&turpis=enim&sed=blandit&ante=mi&vivamus=in&tortor=porttitor&duis=pede&mattis=justo&egestas=eu&metus=massa&aenean=donec&fermentum=dapibus&donec=duis&ut=at&mauris=velit&eget=eu&massa=est&tempor=congue&convallis=elementum&nulla=in&neque=hac&libero=habitasse&convallis=platea&eget=dictumst&eleifend=morbi&luctus=vestibulum&ultricies=velit&eu=id&nibh=pretium&quisque=iaculis&id=diam&justo=erat&sit=fermentum&amet=justo&sapien=nec&dignissim=condimentum&vestibulum=neque&vestibulum=sapien,504.23,23408,available
27612038112,Jet Cap,https://goodreads.com/metus/sapien/ut/nunc/vestibulum.aspx?fusce=cras&congue=mi&diam=pede&id=malesuada&ornare=in&imperdiet=imperdiet&sapien=et&urna=commodo&pretium=vulputate&nisl=justo&ut=in&volutpat=blandit&sapien=ultrices&arcu=enim&sed=lorem&augue=ipsum&aliquam=dolor&erat=sit&volutpat=amet&in=consectetuer&congue=adipiscing&etiam=elit&justo=proin&etiam=interdum&pretium=mauris&iaculis=non&justo=ligula&in=pellentesque&hac=ultrices&habitasse=phasellus&platea=id&dictumst=sapien&etiam=in&faucibus=sapien&cursus=iaculis&urna=congue&ut=vivamus&tellus=metus&nulla=arcu&ut=adipiscing,240.48,26870,available
34747146483,Luna Linen Shirt,http://bing.com/sed/nisl/nunc.json?sed=rhoncus&lacus=dui&morbi=vel&sem=sem&mauris=sed&laoreet=sagittis&ut=nam&rhoncus=congue&aliquet=risus&pulvinar=semper&sed=porta&nisl=volutpat&nunc=quam&rhoncus=pede&dui=lobortis&vel=ligula&sem=sit&sed=amet&sagittis=eleifend&nam=pede&congue=libero&risus=quis&semper=orci&porta=nullam&volutpat=molestie&quam=nibh&pede=in&lobortis=lectus&ligula=pellentesque&sit=at&amet=nulla&eleifend=suspendisse&pede=potenti&libero=cras&quis=in&orci=purus&nullam=eu&molestie=magna&nibh=vulputate&in=luctus&lectus=cum&pellentesque=sociis&at=natoque&nulla=penatibus&suspendisse=et&potenti=magnis&cras=dis&in=parturient&purus=montes&eu=nascetur&magna=ridiculus&vulputate=mus&luctus=vivamus&cum=vestibulum&sociis=sagittis&natoque=sapien&penatibus=cum&et=sociis&magnis=natoque&dis=penatibus&parturient=et&montes=magnis&nascetur=dis&ridiculus=parturient&mus=montes&vivamus=nascetur&vestibulum=ridiculus&sagittis=mus&sapien=etiam&cum=vel&sociis=augue&natoque=vestibulum&penatibus=rutrum&et=rutrum&magnis=neque&dis=aenean&parturient=auctor&montes=gravida&nascetur=sem&ridiculus=praesent&mus=id&etiam=massa&vel=id&augue=nisl&vestibulum=venenatis,5232.67,26127,available
87107290707,Tide Active Shorts,http://sciencedaily.com/congue/eget/semper/rutrum/nulla/nunc.js?libero=sit&non=amet&mattis=erat&pulvinar=nulla&nulla=tempus&pede=vivamus&ullamcorper=in&augue=felis&a=eu&suscipit=sapien&nulla=cursus&elit=vestibulum&ac=proin&nulla=eu&sed=mi&vel=nulla&enim=ac&sit=enim&amet=in&nunc=tempor&viverra=turpis&dapibus=nec&nulla=euismod&suscipit=scelerisque&ligula=quam&in=turpis&lacus=adipiscing&curabitur=lorem&at=vitae&ipsum=mattis&ac=nibh&tellus=ligula&semper=nec,8502.79,27660,available
34541145387,Sandstone Lounge Set,http://mtv.com/dapibus/augue/vel/accumsan/tellus.xml?in=faucibus&quam=cursus&fringilla=urna&rhoncus=ut&mauris=tellus&enim=nulla&leo=ut&rhoncus=erat&sed=id&vestibulum=mauris&sit=vulputate&amet=elementum&cursus=nullam&id=varius&turpis=nulla&integer=facilisi&aliquet=cras&massa=non&id=velit&lobortis=nec&convallis=nisi&tortor=vulputate&risus=nonummy&dapibus=maecenas&augue=tincidunt&vel=lacus&accumsan=at&tellus=velit&nisi=vivamus&eu=vel&orci=nulla&mauris=eget&lacinia=eros&sapien=elementum&quis=pellentesque&libero=quisque&nullam=porta&sit=volutpat&amet=erat&turpis=quisque&elementum=erat&ligula=eros&vehicula=viverra&consequat=eget&morbi=congue&a=eget,6148.7,13133,available
84089025256,Sugarplum Robe,https://google.ca/odio/condimentum/id/luctus/nec/molestie/sed.json?ut=nulla&odio=ac&cras=enim&mi=in&pede=tempor&malesuada=turpis&in=nec&imperdiet=euismod&et=scelerisque&commodo=quam&vulputate=turpis&justo=adipiscing&in=lorem&blandit=vitae&ultrices=mattis&enim=nibh&lorem=ligula&ipsum=nec&dolor=sem&sit=duis&amet=aliquam&consectetuer=convallis&adipiscing=nunc&elit=proin&proin=at&interdum=turpis&mauris=a&non=pede&ligula=posuere&pellentesque=nonummy&ultrices=integer&phasellus=non&id=velit&sapien=donec&in=diam&sapien=neque&iaculis=vestibulum&congue=eget&vivamus=vulputate&metus=ut&arcu=ultrices&adipiscing=vel&molestie=augue&hendrerit=vestibulum&at=ante&vulputate=ipsum&vitae=primis&nisl=in&aenean=faucibus&lectus=orci&pellentesque=luctus&eget=et&nunc=ultrices&donec=posuere&quis=cubilia&orci=curae&eget=donec&orci=pharetra&vehicula=magna&condimentum=vestibulum&curabitur=aliquet&in=ultrices&libero=erat&ut=tortor&massa=sollicitudin&volutpat=mi&convallis=sit&morbi=amet&odio=lobortis&odio=sapien&elementum=sapien&eu=non&interdum=mi&eu=integer&tincidunt=ac,5325.29,54726,available
63477269586,Arctic Faux Fur Coat,https://cocolog-nifty.com/vestibulum/sed/magna.json?orci=fermentum&luctus=justo&et=nec&ultrices=condimentum&posuere=neque&cubilia=sapien&curae=placerat&duis=ante&faucibus=nulla,5084.8,95539,available
1655463312,Quartz Loafers,http://dropbox.com/quam/suspendisse/potenti/nullam.json?nulla=vestibulum&integer=vestibulum&pede=ante&justo=ipsum&lacinia=primis&eget=in&tincidunt=faucibus&eget=orci&tempus=luctus&vel=et&pede=ultrices&morbi=posuere&porttitor=cubilia&lorem=curae&id=nulla&ligula=dapibus&suspendisse=dolor&ornare=vel&consequat=est&lectus=donec&in=odio&est=justo&risus=sollicitudin&auctor=ut&sed=suscipit&tristique=a&in=feugiat&tempus=et&sit=eros&amet=vestibulum&sem=ac&fusce=est&consequat=lacinia&nulla=nisi&nisl=venenatis&nunc=tristique&nisl=fusce&duis=congue&bibendum=diam&felis=id&sed=ornare&interdum=imperdiet&venenatis=sapien&turpis=urna&enim=pretium&blandit=nisl&mi=ut&in=volutpat&porttitor=sapien&pede=arcu&justo=sed&eu=augue&massa=aliquam&donec=erat&dapibus=volutpat&duis=in&at=congue&velit=etiam&eu=justo&est=etiam&congue=pretium&elementum=iaculis&in=justo&hac=in&habitasse=hac&platea=habitasse&dictumst=platea&morbi=dictumst&vestibulum=etiam&velit=faucibus&id=cursus&pretium=urna&iaculis=ut&diam=tellus,1247.74,50612,available
89509445860,Ripple Crossbody,https://bloomberg.com/nisi/volutpat/eleifend.jpg?aliquet=lacinia&pulvinar=erat&sed=vestibulum&nisl=sed&nunc=magna&rhoncus=at&dui=nunc&vel=commodo&sem=placerat&sed=praesent&sagittis=blandit&nam=nam&congue=nulla&risus=integer&semper=pede&porta=justo&volutpat=lacinia&quam=eget&pede=tincidunt&lobortis=eget&ligula=tempus&sit=vel&amet=pede&eleifend=morbi&pede=porttitor&libero=lorem&quis=id&orci=ligula&nullam=suspendisse&molestie=ornare&nibh=consequat&in=lectus&lectus=in&pellentesque=est&at=risus&nulla=auctor&suspendisse=sed&potenti=tristique&cras=in&in=tempus&purus=sit&eu=amet&magna=sem&vulputate=fusce&luctus=consequat&cum=nulla&sociis=nisl&natoque=nunc&penatibus=nisl&et=duis&magnis=bibendum&dis=felis&parturient=sed,709.65,95341,available
36901512986,Zen Lounge Pants,http://state.gov/sapien/sapien/non/mi/integer/ac/neque.xml?eu=augue&magna=quam&vulputate=sollicitudin&luctus=vitae&cum=consectetuer&sociis=eget&natoque=rutrum&penatibus=at&et=lorem&magnis=integer&dis=tincidunt&parturient=ante&montes=vel&nascetur=ipsum&ridiculus=praesent&mus=blandit&vivamus=lacinia&vestibulum=erat&sagittis=vestibulum&sapien=sed&cum=magna&sociis=at&natoque=nunc&penatibus=commodo&et=placerat&magnis=praesent&dis=blandit&parturient=nam&montes=nulla&nascetur=integer&ridiculus=pede&mus=justo&etiam=lacinia&vel=eget&augue=tincidunt&vestibulum=eget&rutrum=tempus&rutrum=vel&neque=pede&aenean=morbi&auctor=porttitor&gravida=lorem&sem=id&praesent=ligula&id=suspendisse&massa=ornare&id=consequat&nisl=lectus&venenatis=in&lacinia=est&aenean=risus&sit=auctor&amet=sed&justo=tristique&morbi=in&ut=tempus&odio=sit&cras=amet&mi=sem&pede=fusce&malesuada=consequat&in=nulla&imperdiet=nisl&et=nunc&commodo=nisl&vulputate=duis&justo=bibendum&in=felis&blandit=sed&ultrices=interdum&enim=venenatis&lorem=turpis&ipsum=enim,496.07,86731,available
29999886846,Starlight Skirt,https://google.fr/placerat/praesent/blandit/nam.json?id=sapien&sapien=ut&in=nunc&sapien=vestibulum,7519.26,33419,available
67390070373,Quartz Henley,https://51.la/lobortis/ligula/sit/amet/eleifend/pede/libero.html?nulla=nisi&suspendisse=eu&potenti=orci&cras=mauris&in=lacinia&purus=sapien&eu=quis&magna=libero&vulputate=nullam&luctus=sit&cum=amet&sociis=turpis&natoque=elementum&penatibus=ligula&et=vehicula&magnis=consequat&dis=morbi&parturient=a&montes=ipsum&nascetur=integer&ridiculus=a&mus=nibh&vivamus=in&vestibulum=quis&sagittis=justo&sapien=maecenas&cum=rhoncus&sociis=aliquam&natoque=lacus&penatibus=morbi&et=quis&magnis=tortor&dis=id&parturient=nulla&montes=ultrices&nascetur=aliquet&ridiculus=maecenas&mus=leo&etiam=odio&vel=condimentum&augue=id&vestibulum=luctus&rutrum=nec&rutrum=molestie&neque=sed&aenean=justo&auctor=pellentesque&gravida=viverra&sem=pede&praesent=ac&id=diam&massa=cras&id=pellentesque&nisl=volutpat&venenatis=dui&lacinia=maecenas&aenean=tristique&sit=est&amet=et&justo=tempus&morbi=semper&ut=est&odio=quam&cras=pharetra&mi=magna&pede=ac&malesuada=consequat&in=metus&imperdiet=sapien&et=ut&commodo=nunc&vulputate=vestibulum,5552.01,72855,available
20986912101,Halo Metallic Blazer,https://patch.com/posuere/cubilia/curae/mauris/viverra/diam.json?congue=ac&risus=nulla&semper=sed&porta=vel&volutpat=enim&quam=sit&pede=amet&lobortis=nunc&ligula=viverra,8891.29,38754,available
37813363409,Halo Metallic Blazer,https://tumblr.com/vel.aspx?pellentesque=integer&at=aliquet&nulla=massa&suspendisse=id&potenti=lobortis&cras=convallis&in=tortor&purus=risus&eu=dapibus&magna=augue&vulputate=vel&luctus=accumsan&cum=tellus&sociis=nisi&natoque=eu&penatibus=orci&et=mauris&magnis=lacinia&dis=sapien&parturient=quis&montes=libero&nascetur=nullam&ridiculus=sit&mus=amet&vivamus=turpis&vestibulum=elementum&sagittis=ligula&sapien=vehicula&cum=consequat&sociis=morbi&natoque=a&penatibus=ipsum&et=integer&magnis=a&dis=nibh&parturient=in&montes=quis&nascetur=justo&ridiculus=maecenas&mus=rhoncus&etiam=aliquam&vel=lacus&augue=morbi&vestibulum=quis&rutrum=tortor&rutrum=id&neque=nulla&aenean=ultrices&auctor=aliquet&gravida=maecenas&sem=leo&praesent=odio&id=condimentum&massa=id&id=luctus&nisl=nec&venenatis=molestie&lacinia=sed&aenean=justo&sit=pellentesque&amet=viverra&justo=pede&morbi=ac&ut=diam&odio=cras&cras=pellentesque&mi=volutpat&pede=dui&malesuada=maecenas&in=tristique&imperdiet=est&et=et&commodo=tempus&vulputate=semper&justo=est&in=quam&blandit=pharetra&ultrices=magna&enim=ac&lorem=consequat&ipsum=metus&dolor=sapien&sit=ut&amet=nunc&consectetuer=vestibulum&adipiscing=ante,1385.0,97456,available
32596654644,Starlight Skirt,http://yahoo.co.jp/erat/eros/viverra.js?vulputate=viverra&elementum=eget&nullam=congue&varius=eget&nulla=semper&facilisi=rutrum&cras=nulla&non=nunc&velit=purus&nec=phasellus&nisi=in&vulputate=felis&nonummy=donec&maecenas=semper&tincidunt=sapien&lacus=a&at=libero&velit=nam&vivamus=dui&vel=proin&nulla=leo&eget=odio&eros=porttitor&elementum=id&pellentesque=consequat&quisque=in&porta=consequat&volutpat=ut&erat=nulla&quisque=sed&erat=accumsan&eros=felis&viverra=ut&eget=at&congue=dolor&eget=quis&semper=odio&rutrum=consequat&nulla=varius&nunc=integer&purus=ac&phasellus=leo&in=pellentesque&felis=ultrices&donec=mattis&semper=odio&sapien=donec&a=vitae&libero=nisi&nam=nam&dui=ultrices&proin=libero&leo=non&odio=mattis&porttitor=pulvinar&id=nulla&consequat=pede&in=ullamcorper&consequat=augue&ut=a&nulla=suscipit&sed=nulla&accumsan=elit&felis=ac&ut=nulla&at=sed&dolor=vel&quis=enim&odio=sit&consequat=amet&varius=nunc&integer=viverra&ac=dapibus&leo=nulla&pellentesque=suscipit&ultrices=ligula&mattis=in&odio=lacus&donec=curabitur&vitae=at&nisi=ipsum&nam=ac&ultrices=tellus&libero=semper&non=interdum&mattis=mauris&pulvinar=ullamcorper&nulla=purus&pede=sit&ullamcorper=amet&augue=nulla&a=quisque&suscipit=arcu&nulla=libero&elit=rutrum,5248.79,91800,available
4868346238,Pearl Wrap Cover-Up,https://auda.org.au/augue/aliquam/erat/volutpat/in.jsp?hendrerit=nascetur&at=ridiculus&vulputate=mus&vitae=etiam&nisl=vel&aenean=augue&lectus=vestibulum&pellentesque=rutrum&eget=rutrum&nunc=neque&donec=aenean&quis=auctor&orci=gravida&eget=sem&orci=praesent&vehicula=id&condimentum=massa&curabitur=id&in=nisl&libero=venenatis&ut=lacinia&massa=aenean&volutpat=sit&convallis=amet&morbi=justo&odio=morbi&odio=ut&elementum=odio&eu=cras&interdum=mi&eu=pede&tincidunt=malesuada&in=in&leo=imperdiet&maecenas=et&pulvinar=commodo&lobortis=vulputate&est=justo&phasellus=in&sit=blandit&amet=ultrices&erat=enim&nulla=lorem,3414.88,28954,available
22798085794,Drift Sandals,https://reverbnation.com/non/pretium/quis/lectus/suspendisse/potenti.js?ligula=fermentum&nec=donec&sem=ut&duis=mauris&aliquam=eget&convallis=massa&nunc=tempor&proin=convallis&at=nulla&turpis=neque&a=libero&pede=convallis&posuere=eget&nonummy=eleifend&integer=luctus&non=ultricies&velit=eu&donec=nibh&diam=quisque&neque=id&vestibulum=justo&eget=sit&vulputate=amet&ut=sapien&ultrices=dignissim&vel=vestibulum&augue=vestibulum&vestibulum=ante&ante=ipsum&ipsum=primis&primis=in&in=faucibus&faucibus=orci&orci=luctus&luctus=et&et=ultrices&ultrices=posuere&posuere=cubilia&cubilia=curae&curae=nulla&donec=dapibus&pharetra=dolor&magna=vel&vestibulum=est&aliquet=donec&ultrices=odio&erat=justo&tortor=sollicitudin&sollicitudin=ut&mi=suscipit&sit=a&amet=feugiat&lobortis=et&sapien=eros&sapien=vestibulum&non=ac&mi=est&integer=lacinia&ac=nisi&neque=venenatis&duis=tristique&bibendum=fusce&morbi=congue&non=diam&quam=id&nec=ornare&dui=imperdiet,8438.05,46973,available
59534578063,Nimbus Tank,http://paypal.com/rhoncus/mauris/enim/leo/rhoncus/sed.jsp?velit=nisl&donec=aenean&diam=lectus&neque=pellentesque&vestibulum=eget&eget=nunc&vulputate=donec&ut=quis&ultrices=orci&vel=eget&augue=orci&vestibulum=vehicula&ante=condimentum&ipsum=curabitur&primis=in&in=libero&faucibus=ut&orci=massa&luctus=volutpat&et=convallis&ultrices=morbi&posuere=odio&cubilia=odio&curae=elementum&donec=eu&pharetra=interdum&magna=eu&vestibulum=tincidunt&aliquet=in&ultrices=leo&erat=maecenas&tortor=pulvinar&sollicitudin=lobortis&mi=est&sit=phasellus&amet=sit&lobortis=amet&sapien=erat&sapien=nulla&non=tempus&mi=vivamus&integer=in&ac=felis&neque=eu&duis=sapien&bibendum=cursus&morbi=vestibulum&non=proin&quam=eu&nec=mi&dui=nulla&luctus=ac&rutrum=enim&nulla=in&tellus=tempor&in=turpis,5729.7,92024,available
48550776760,Cozy Half-Zip,https://hexun.com/sapien/cum/sociis/natoque/penatibus/et.json?venenatis=lacinia&lacinia=sapien&aenean=quis&sit=libero&amet=nullam&justo=sit&morbi=amet&ut=turpis&odio=elementum&cras=ligula&mi=vehicula&pede=consequat&malesuada=morbi&in=a&imperdiet=ipsum&et=integer&commodo=a&vulputate=nibh&justo=in&in=quis&blandit=justo&ultrices=maecenas,6462.83,83892,available
91443815086,Willow Slip Dress,https://yellowpages.com/interdum/venenatis/turpis.jpg?accumsan=sapien&tellus=cursus&nisi=vestibulum&eu=proin&orci=eu&mauris=mi&lacinia=nulla&sapien=ac&quis=enim,7332.53,87784,available
42386561919,Ivy Crop Tee,https://tumblr.com/arcu/sed/augue.jsp?eget=dictumst&vulputate=etiam&ut=faucibus&ultrices=cursus&vel=urna&augue=ut&vestibulum=tellus&ante=nulla&ipsum=ut&primis=erat&in=id&faucibus=mauris&orci=vulputate&luctus=elementum&et=nullam&ultrices=varius&posuere=nulla&cubilia=facilisi&curae=cras&donec=non&pharetra=velit&magna=nec&vestibulum=nisi&aliquet=vulputate&ultrices=nonummy&erat=maecenas&tortor=tincidunt&sollicitudin=lacus&mi=at&sit=velit&amet=vivamus&lobortis=vel&sapien=nulla&sapien=eget&non=eros&mi=elementum&integer=pellentesque&ac=quisque&neque=porta&duis=volutpat&bibendum=erat&morbi=quisque&non=erat&quam=eros&nec=viverra&dui=eget&luctus=congue&rutrum=eget&nulla=semper&tellus=rutrum&in=nulla&sagittis=nunc&dui=purus,5950.92,11830,available
97486216428,Tide Active Shorts,http://dmoz.org/arcu/sed/augue/aliquam/erat/volutpat/in.jsp?platea=sapien&dictumst=placerat&morbi=ante&vestibulum=nulla&velit=justo&id=aliquam&pretium=quis&iaculis=turpis&diam=eget&erat=elit&fermentum=sodales&justo=scelerisque&nec=mauris&condimentum=sit&neque=amet&sapien=eros&placerat=suspendisse&ante=accumsan&nulla=tortor&justo=quis&aliquam=turpis&quis=sed&turpis=ante&eget=vivamus&elit=tortor&sodales=duis&scelerisque=mattis&mauris=egestas&sit=metus&amet=aenean&eros=fermentum&suspendisse=donec&accumsan=ut&tortor=mauris&quis=eget&turpis=massa&sed=tempor&ante=convallis&vivamus=nulla&tortor=neque&duis=libero&mattis=convallis&egestas=eget&metus=eleifend&aenean=luctus&fermentum=ultricies&donec=eu&ut=nibh&mauris=quisque&eget=id&massa=justo&tempor=sit&convallis=amet&nulla=sapien&neque=dignissim&libero=vestibulum&convallis=vestibulum&eget=ante&eleifend=ipsum&luctus=primis&ultricies=in&eu=faucibus&nibh=orci&quisque=luctus&id=et&justo=ultrices&sit=posuere&amet=cubilia&sapien=curae&dignissim=nulla&vestibulum=dapibus&vestibulum=dolor&ante=vel&ipsum=est&primis=donec&in=odio&faucibus=justo&orci=sollicitudin&luctus=ut&et=suscipit&ultrices=a&posuere=feugiat&cubilia=et&curae=eros&nulla=vestibulum&dapibus=ac&dolor=est&vel=lacinia&est=nisi&donec=venenatis&odio=tristique&justo=fusce,2178.5,95228,available
26119384862,Quartz Loafers,https://biblegateway.com/cras/in/purus/eu/magna/vulputate.aspx?in=integer&congue=tincidunt&etiam=ante&justo=vel&etiam=ipsum&pretium=praesent&iaculis=blandit&justo=lacinia&in=erat&hac=vestibulum&habitasse=sed&platea=magna&dictumst=at&etiam=nunc&faucibus=commodo&cursus=placerat&urna=praesent&ut=blandit&tellus=nam&nulla=nulla&ut=integer&erat=pede&id=justo&mauris=lacinia&vulputate=eget&elementum=tincidunt&nullam=eget&varius=tempus&nulla=vel&facilisi=pede&cras=morbi&non=porttitor&velit=lorem&nec=id&nisi=ligula,3961.51,3809,available
76680091785,Terra V-Neck,http://printfriendly.com/laoreet/ut/rhoncus/aliquet/pulvinar/sed/nisl.png?in=morbi&tempor=non&turpis=quam&nec=nec&euismod=dui&scelerisque=luctus&quam=rutrum&turpis=nulla&adipiscing=tellus&lorem=in&vitae=sagittis&mattis=dui&nibh=vel&ligula=nisl&nec=duis&sem=ac&duis=nibh&aliquam=fusce&convallis=lacus&nunc=purus&proin=aliquet&at=at&turpis=feugiat&a=non&pede=pretium&posuere=quis&nonummy=lectus&integer=suspendisse&non=potenti&velit=in&donec=eleifend&diam=quam&neque=a&vestibulum=odio&eget=in&vulputate=hac&ut=habitasse&ultrices=platea&vel=dictumst&augue=maecenas&vestibulum=ut&ante=massa&ipsum=quis&primis=augue&in=luctus&faucibus=tincidunt&orci=nulla&luctus=mollis&et=molestie&ultrices=lorem&posuere=quisque&cubilia=ut&curae=erat&donec=curabitur&pharetra=gravida&magna=nisi&vestibulum=at&aliquet=nibh&ultrices=in&erat=hac&tortor=habitasse&sollicitudin=platea&mi=dictumst&sit=aliquam&amet=augue&lobortis=quam&sapien=sollicitudin&sapien=vitae&non=consectetuer&mi=eget&integer=rutrum&ac=at&neque=lorem&duis=integer&bibendum=tincidunt&morbi=ante&non=vel&quam=ipsum&nec=praesent&dui=blandit&luctus=lacinia&rutrum=erat&nulla=vestibulum&tellus=sed&in=magna&sagittis=at&dui=nunc&vel=commodo&nisl=placerat,2343.33,48756,available
65538245323,Quartz Loafers,https://bloglines.com/nulla/suscipit/ligula/in/lacus/curabitur/at.js?convallis=consequat&duis=metus&consequat=sapien&dui=ut&nec=nunc&nisi=vestibulum&volutpat=ante&eleifend=ipsum&donec=primis&ut=in&dolor=faucibus&morbi=orci&vel=luctus&lectus=et&in=ultrices&quam=posuere&fringilla=cubilia&rhoncus=curae&mauris=mauris&enim=viverra&leo=diam&rhoncus=vitae&sed=quam&vestibulum=suspendisse&sit=potenti&amet=nullam&cursus=porttitor&id=lacus&turpis=at&integer=turpis&aliquet=donec&massa=posuere&id=metus&lobortis=vitae&convallis=ipsum&tortor=aliquam&risus=non&dapibus=mauris&augue=morbi&vel=non&accumsan=lectus&tellus=aliquam&nisi=sit&eu=amet&orci=diam&mauris=in&lacinia=magna&sapien=bibendum&quis=imperdiet&libero=nullam&nullam=orci&sit=pede&amet=venenatis,8761.38,4385,available
1292844895,Luna Sleep Shorts,http://yellowbook.com/nec/nisi/volutpat/eleifend/donec/ut/dolor.xml?suscipit=sed&ligula=justo,2054.93,50573,available
47011700833,Crystal Sequin Top,http://imgur.com/massa/quis/augue/luctus.png?iaculis=condimentum&congue=neque&vivamus=sapien&metus=placerat&arcu=ante&adipiscing=nulla&molestie=justo&hendrerit=aliquam&at=quis&vulputate=turpis&vitae=eget&nisl=elit&aenean=sodales&lectus=scelerisque&pellentesque=mauris&eget=sit&nunc=amet&donec=eros&quis=suspendisse&orci=accumsan&eget=tortor&orci=quis&vehicula=turpis&condimentum=sed&curabitur=ante&in=vivamus&libero=tortor&ut=duis&massa=mattis&volutpat=egestas&convallis=metus&morbi=aenean&odio=fermentum&odio=donec&elementum=ut&eu=mauris&interdum=eget&eu=massa&tincidunt=tempor&in=convallis&leo=nulla&maecenas=neque&pulvinar=libero&lobortis=convallis&est=eget&phasellus=eleifend&sit=luctus&amet=ultricies&erat=eu&nulla=nibh&tempus=quisque&vivamus=id&in=justo&felis=sit&eu=amet&sapien=sapien&cursus=dignissim&vestibulum=vestibulum&proin=vestibulum&eu=ante,2993.53,62090,available
2977845999,Reef Swim Trunks,http://cocolog-nifty.com/in/faucibus/orci/luctus/et.jsp?scelerisque=amet&quam=sem&turpis=fusce&adipiscing=consequat&lorem=nulla&vitae=nisl&mattis=nunc&nibh=nisl&ligula=duis&nec=bibendum&sem=felis&duis=sed&aliquam=interdum&convallis=venenatis&nunc=turpis&proin=enim&at=blandit&turpis=mi&a=in&pede=porttitor&posuere=pede&nonummy=justo&integer=eu&non=massa&velit=donec&donec=dapibus&diam=duis&neque=at&vestibulum=velit&eget=eu&vulputate=est&ut=congue&ultrices=elementum&vel=in&augue=hac&vestibulum=habitasse&ante=platea&ipsum=dictumst&primis=morbi&in=vestibulum&faucibus=velit&orci=id&luctus=pretium&et=iaculis&ultrices=diam&posuere=erat&cubilia=fermentum&curae=justo&donec=nec&pharetra=condimentum&magna=neque&vestibulum=sapien&aliquet=placerat&ultrices=ante&erat=nulla&tortor=justo&sollicitudin=aliquam&mi=quis&sit=turpis&amet=eget&lobortis=elit&sapien=sodales&sapien=scelerisque,964.02,43738,available
61040573065,Cozy Half-Zip,http://diigo.com/sit/amet/consectetuer/adipiscing/elit/proin.xml?vestibulum=in&sed=ante&magna=vestibulum&at=ante&nunc=ipsum&commodo=primis&placerat=in&praesent=faucibus&blandit=orci&nam=luctus&nulla=et&integer=ultrices&pede=posuere&justo=cubilia&lacinia=curae&eget=duis&tincidunt=faucibus&eget=accumsan&tempus=odio&vel=curabitur&pede=convallis&morbi=duis&porttitor=consequat&lorem=dui&id=nec&ligula=nisi&suspendisse=volutpat&ornare=eleifend&consequat=donec&lectus=ut&in=dolor&est=morbi&risus=vel&auctor=lectus&sed=in&tristique=quam&in=fringilla&tempus=rhoncus&sit=mauris&amet=enim&sem=leo&fusce=rhoncus&consequat=sed&nulla=vestibulum&nisl=sit&nunc=amet&nisl=cursus&duis=id&bibendum=turpis&felis=integer&sed=aliquet&interdum=massa&venenatis=id&turpis=lobortis&enim=convallis&blandit=tortor,7707.69,90218,available
85832462232,Dahlia Romper,http://elpais.com/habitasse/platea/dictumst.jsp?sapien=lacus&sapien=morbi&non=quis&mi=tortor&integer=id&ac=nulla&neque=ultrices&duis=aliquet&bibendum=maecenas&morbi=leo&non=odio&quam=condimentum&nec=id&dui=luctus&luctus=nec&rutrum=molestie&nulla=sed&tellus=justo&in=pellentesque&sagittis=viverra&dui=pede&vel=ac&nisl=diam&duis=cras&ac=pellentesque&nibh=volutpat&fusce=dui&lacus=maecenas&purus=tristique&aliquet=est&at=et&feugiat=tempus&non=semper&pretium=est&quis=quam&lectus=pharetra&suspendisse=magna&potenti=ac,4613.29,12749,available
97939363167,Prism Belt,https://tuttocitta.it/ut/suscipit/a/feugiat.jpg?massa=dolor&donec=sit&dapibus=amet&duis=consectetuer&at=adipiscing&velit=elit&eu=proin&est=risus&congue=praesent&elementum=lectus&in=vestibulum&hac=quam&habitasse=sapien&platea=varius&dictumst=ut&morbi=blandit&vestibulum=non&velit=interdum&id=in&pretium=ante&iaculis=vestibulum&diam=ante&erat=ipsum&fermentum=primis&justo=in&nec=faucibus&condimentum=orci&neque=luctus&sapien=et&placerat=ultrices&ante=posuere&nulla=cubilia&justo=curae&aliquam=duis&quis=faucibus&turpis=accumsan&eget=odio&elit=curabitur&sodales=convallis&scelerisque=duis&mauris=consequat&sit=dui&amet=nec&eros=nisi&suspendisse=volutpat&accumsan=eleifend&tortor=donec&quis=ut&turpis=dolor&sed=morbi&ante=vel&vivamus=lectus&tortor=in&duis=quam&mattis=fringilla&egestas=rhoncus&metus=mauris&aenean=enim&fermentum=leo&donec=rhoncus&ut=sed&mauris=vestibulum&eget=sit&massa=amet&tempor=cursus&convallis=id&nulla=turpis&neque=integer&libero=aliquet&convallis=massa&eget=id&eleifend=lobortis&luctus=convallis&ultricies=tortor&eu=risus&nibh=dapibus&quisque=augue&id=vel&justo=accumsan&sit=tellus&amet=nisi&sapien=eu&dignissim=orci&vestibulum=mauris&vestibulum=lacinia&ante=sapien&ipsum=quis&primis=libero&in=nullam,2913.35,27611,available
28458680765,Glacier Shell,https://nba.com/vel/nulla/eget/eros/elementum/pellentesque.jsp?luctus=blandit&rutrum=lacinia&nulla=erat&tellus=vestibulum&in=sed&sagittis=magna&dui=at&vel=nunc&nisl=commodo&duis=placerat&ac=praesent&nibh=blandit&fusce=nam&lacus=nulla&purus=integer&aliquet=pede&at=justo&feugiat=lacinia&non=eget&pretium=tincidunt&quis=eget&lectus=tempus&suspendisse=vel&potenti=pede&in=morbi&eleifend=porttitor&quam=lorem&a=id&odio=ligula&in=suspendisse&hac=ornare&habitasse=consequat&platea=lectus&dictumst=in&maecenas=est&ut=risus&massa=auctor&quis=sed&augue=tristique&luctus=in&tincidunt=tempus&nulla=sit&mollis=amet&molestie=sem&lorem=fusce&quisque=consequat&ut=nulla&erat=nisl&curabitur=nunc&gravida=nisl&nisi=duis&at=bibendum&nibh=felis&in=sed&hac=interdum&habitasse=venenatis&platea=turpis&dictumst=enim&aliquam=blandit&augue=mi&quam=in&sollicitudin=porttitor&vitae=pede&consectetuer=justo,7057.03,60732,available
65693391082,Moondust Bralette,http://chron.com/posuere/cubilia/curae/donec/pharetra/magna.jsp?montes=sed&nascetur=vestibulum&ridiculus=sit&mus=amet&etiam=cursus&vel=id&augue=turpis&vestibulum=integer&rutrum=aliquet&rutrum=massa&neque=id&aenean=lobortis&auctor=convallis&gravida=tortor&sem=risus&praesent=dapibus&id=augue&massa=vel&id=accumsan&nisl=tellus&venenatis=nisi&lacinia=eu&aenean=orci&sit=mauris&amet=lacinia&justo=sapien&morbi=quis&ut=libero&odio=nullam&cras=sit&mi=amet&pede=turpis&malesuada=elementum&in=ligula&imperdiet=vehicula&et=consequat&commodo=morbi&vulputate=a&justo=ipsum&in=integer&blandit=a&ultrices=nibh&enim=in&lorem=quis&ipsum=justo,395.96,46997,available
52969284505,Alpine Hikers,http://facebook.com/pretium/iaculis/diam.jsp?penatibus=lacinia&et=aenean&magnis=sit&dis=amet&parturient=justo&montes=morbi&nascetur=ut&ridiculus=odio&mus=cras&vivamus=mi&vestibulum=pede&sagittis=malesuada&sapien=in&cum=imperdiet&sociis=et&natoque=commodo&penatibus=vulputate&et=justo&magnis=in&dis=blandit&parturient=ultrices&montes=enim&nascetur=lorem&ridiculus=ipsum&mus=dolor&etiam=sit&vel=amet&augue=consectetuer&vestibulum=adipiscing&rutrum=elit&rutrum=proin&neque=interdum&aenean=mauris&auctor=non&gravida=ligula&sem=pellentesque&praesent=ultrices&id=phasellus&massa=id&id=sapien&nisl=in&venenatis=sapien&lacinia=iaculis&aenean=congue&sit=vivamus&amet=metus&justo=arcu&morbi=adipiscing&ut=molestie&odio=hendrerit&cras=at&mi=vulputate&pede=vitae&malesuada=nisl&in=aenean&imperdiet=lectus&et=pellentesque&commodo=eget&vulputate=nunc&justo=donec&in=quis&blandit=orci&ultrices=eget&enim=orci&lorem=vehicula&ipsum=condimentum&dolor=curabitur&sit=in&amet=libero&consectetuer=ut&adipiscing=massa&elit=volutpat&proin=convallis&interdum=morbi&mauris=odio&non=odio&ligula=elementum&pellentesque=eu&ultrices=interdum&phasellus=eu&id=tincidunt&sapien=in&in=leo&sapien=maecenas&iaculis=pulvinar,7712.08,27441,available
42982039785,Falcon Trousers,http://wikia.com/tortor/duis.jpg?luctus=amet&cum=erat&sociis=nulla&natoque=tempus&penatibus=vivamus&et=in&magnis=felis&dis=eu&parturient=sapien&montes=cursus&nascetur=vestibulum&ridiculus=proin&mus=eu&vivamus=mi&vestibulum=nulla&sagittis=ac&sapien=enim&cum=in&sociis=tempor&natoque=turpis&penatibus=nec&et=euismod&magnis=scelerisque&dis=quam&parturient=turpis&montes=adipiscing&nascetur=lorem&ridiculus=vitae&mus=mattis&etiam=nibh&vel=ligula&augue=nec&vestibulum=sem&rutrum=duis&rutrum=aliquam&neque=convallis&aenean=nunc&auctor=proin&gravida=at&sem=turpis&praesent=a&id=pede&massa=posuere&id=nonummy&nisl=integer&venenatis=non&lacinia=velit,8357.07,74578,available
88313846095,Pulse Sports Bra,https://unesco.org/vulputate.aspx?nullam=lobortis&porttitor=est&lacus=phasellus&at=sit&turpis=amet&donec=erat&posuere=nulla&metus=tempus&vitae=vivamus&ipsum=in&aliquam=felis&non=eu&mauris=sapien&morbi=cursus&non=vestibulum&lectus=proin&aliquam=eu&sit=mi&amet=nulla&diam=ac&in=enim,6712.5,92341,available
74516696044,Comet Hoodie,https://yellowpages.com/ipsum.jpg?ut=a&dolor=pede&morbi=posuere&vel=nonummy&lectus=integer&in=non&quam=velit&fringilla=donec&rhoncus=diam&mauris=neque&enim=vestibulum&leo=eget&rhoncus=vulputate&sed=ut&vestibulum=ultrices&sit=vel&amet=augue&cursus=vestibulum&id=ante&turpis=ipsum&integer=primis,9415.38,38932,available
6369282111,Olive Culottes,http://xing.com/massa/tempor/convallis/nulla/neque/libero/convallis.json?quis=lorem&turpis=integer&sed=tincidunt&ante=ante&vivamus=vel&tortor=ipsum&duis=praesent&mattis=blandit&egestas=lacinia&metus=erat&aenean=vestibulum&fermentum=sed&donec=magna&ut=at&mauris=nunc&eget=commodo&massa=placerat&tempor=praesent&convallis=blandit&nulla=nam&neque=nulla&libero=integer&convallis=pede&eget=justo&eleifend=lacinia&luctus=eget&ultricies=tincidunt&eu=eget&nibh=tempus&quisque=vel&id=pede&justo=morbi&sit=porttitor&amet=lorem&sapien=id&dignissim=ligula&vestibulum=suspendisse&vestibulum=ornare&ante=consequat&ipsum=lectus&primis=in&in=est&faucibus=risus&orci=auctor&luctus=sed&et=tristique&ultrices=in&posuere=tempus&cubilia=sit&curae=amet&nulla=sem&dapibus=fusce&dolor=consequat&vel=nulla&est=nisl&donec=nunc&odio=nisl&justo=duis&sollicitudin=bibendum&ut=felis&suscipit=sed&a=interdum&feugiat=venenatis&et=turpis&eros=enim&vestibulum=blandit&ac=mi&est=in&lacinia=porttitor&nisi=pede&venenatis=justo&tristique=eu&fusce=massa&congue=donec&diam=dapibus&id=duis&ornare=at,2372.86,45014,available
91478286567,Pulse Sports Bra,http://google.ca/at/diam/nam/tristique.html?metus=eget&aenean=semper&fermentum=rutrum&donec=nulla&ut=nunc&mauris=purus&eget=phasellus&massa=in&tempor=felis&convallis=donec&nulla=semper&neque=sapien&libero=a&convallis=libero&eget=nam&eleifend=dui&luctus=proin&ultricies=leo&eu=odio&nibh=porttitor&quisque=id&id=consequat&justo=in&sit=consequat&amet=ut&sapien=nulla&dignissim=sed&vestibulum=accumsan&vestibulum=felis&ante=ut&ipsum=at&primis=dolor&in=quis&faucibus=odio&orci=consequat&luctus=varius&et=integer&ultrices=ac&posuere=leo&cubilia=pellentesque&curae=ultrices&nulla=mattis&dapibus=odio&dolor=donec&vel=vitae&est=nisi&donec=nam&odio=ultrices&justo=libero&sollicitudin=non&ut=mattis&suscipit=pulvinar&a=nulla&feugiat=pede,6377.79,64917,available
1489068437,Frost Corduroys,https://npr.org/commodo/placerat/praesent/blandit/nam/nulla.js?posuere=aliquet&cubilia=pulvinar&curae=sed&nulla=nisl&dapibus=nunc&dolor=rhoncus&vel=dui&est=vel&donec=sem&odio=sed&justo=sagittis&sollicitudin=nam&ut=congue&suscipit=risus&a=semper&feugiat=porta&et=volutpat&eros=quam&vestibulum=pede&ac=lobortis&est=ligula&lacinia=sit&nisi=amet&venenatis=eleifend&tristique=pede&fusce=libero&congue=quis&diam=orci&id=nullam&ornare=molestie&imperdiet=nibh&sapien=in&urna=lectus&pretium=pellentesque&nisl=at&ut=nulla&volutpat=suspendisse&sapien=potenti&arcu=cras&sed=in&augue=purus&aliquam=eu&erat=magna&volutpat=vulputate&in=luctus&congue=cum&etiam=sociis&justo=natoque&etiam=penatibus&pretium=et&iaculis=magnis&justo=dis&in=parturient&hac=montes&habitasse=nascetur&platea=ridiculus&dictumst=mus&etiam=vivamus&faucibus=vestibulum&cursus=sagittis&urna=sapien&ut=cum&tellus=sociis&nulla=natoque&ut=penatibus&erat=et&id=magnis&mauris=dis&vulputate=parturient&elementum=montes&nullam=nascetur&varius=ridiculus&nulla=mus&facilisi=etiam&cras=vel&non=augue&velit=vestibulum&nec=rutrum&nisi=rutrum&vulputate=neque&nonummy=aenean&maecenas=auctor&tincidunt=gravida&lacus=sem&at=praesent&velit=id&vivamus=massa&vel=id&nulla=nisl,5997.8,9928,available
82104412115,Prism Belt,https://symantec.com/nulla.jpg?aliquam=maecenas&erat=rhoncus&volutpat=aliquam&in=lacus&congue=morbi&etiam=quis&justo=tortor&etiam=id&pretium=nulla&iaculis=ultrices,3217.13,5481,available
95896860453,Aspen Beanie,https://over-blog.com/suscipit/ligula/in/lacus.jsp?ac=rutrum&est=at&lacinia=lorem&nisi=integer&venenatis=tincidunt&tristique=ante&fusce=vel&congue=ipsum&diam=praesent&id=blandit&ornare=lacinia&imperdiet=erat&sapien=vestibulum&urna=sed&pretium=magna&nisl=at&ut=nunc&volutpat=commodo&sapien=placerat&arcu=praesent&sed=blandit&augue=nam&aliquam=nulla&erat=integer&volutpat=pede&in=justo&congue=lacinia&etiam=eget&justo=tincidunt&etiam=eget&pretium=tempus&iaculis=vel&justo=pede&in=morbi&hac=porttitor&habitasse=lorem&platea=id&dictumst=ligula&etiam=suspendisse&faucibus=ornare&cursus=consequat&urna=lectus&ut=in&tellus=est&nulla=risus&ut=auctor&erat=sed&id=tristique&mauris=in&vulputate=tempus&elementum=sit&nullam=amet&varius=sem&nulla=fusce&facilisi=consequat,6230.24,68090,available
5692418699,Coral Reef Rashguard,http://odnoklassniki.ru/vulputate/nonummy.aspx?erat=turpis&quisque=eget&erat=elit&eros=sodales&viverra=scelerisque&eget=mauris&congue=sit&eget=amet&semper=eros&rutrum=suspendisse&nulla=accumsan&nunc=tortor&purus=quis&phasellus=turpis&in=sed&felis=ante&donec=vivamus&semper=tortor&sapien=duis&a=mattis&libero=egestas&nam=metus&dui=aenean&proin=fermentum,8782.34,62077,available
69886659171,Canyon Cargo Pants,https://gov.uk/eros/suspendisse.png?lobortis=parturient&convallis=montes&tortor=nascetur&risus=ridiculus&dapibus=mus&augue=vivamus&vel=vestibulum&accumsan=sagittis&tellus=sapien&nisi=cum&eu=sociis&orci=natoque&mauris=penatibus&lacinia=et&sapien=magnis&quis=dis&libero=parturient&nullam=montes&sit=nascetur&amet=ridiculus&turpis=mus&elementum=etiam&ligula=vel&vehicula=augue&consequat=vestibulum&morbi=rutrum&a=rutrum&ipsum=neque&integer=aenean&a=auctor&nibh=gravida&in=sem&quis=praesent&justo=id,3258.5,43798,available
